"{'611670', '250820'} | support: 54"
"{'1384160', '348550'} | support: 32"
"{'248820', '632360'} | support: 32"
"{'1618540', '739630'} | support: 38"
"{'1494460', '250820'} | support: 59"
"{'692890', '548430'} | support: 33"
"{'293760', '284160'} | support: 49"
"{'250820', '689580'} | support: 79"
"{'1173510', '1009850'} | support: 70"
"{'1173510', '438100', '1009850'} | support: 67"
"{'1173510', '438100', '250820', '1009850'} | support: 67"
"{'1173510', '250820', '1009850'} | support: 70"
"{'1173510', '438100'} | support: 81"
"{'1173510', '438100', '250820'} | support: 81"
"{'1173510', '250820'} | support: 91"
"{'1840', '440'} | support: 33"
"{'397900', '730'} | support: 43"
"{'250820', '823500'} | support: 103"
"{'250820', '223750'} | support: 32"
"{'730', '42700'} | support: 34"
"{'236850', '42960'} | support: 44"
"{'394360', '42960'} | support: 61"
"{'10190', '730'} | support: 34"
"{'730', '386180'} | support: 34"
"{'570', '1329410'} | support: 52"
"{'231430', '228200'} | support: 32"
"{'220', '730'} | support: 34"
"{'1384160', '1372280'} | support: 51"
"{'730', '761890'} | support: 34"
"{'908520', '1009850'} | support: 32"
"{'908520', '250820', '1009850'} | support: 32"
"{'908520', '438100'} | support: 37"
"{'908520', '250820', '438100'} | support: 37"
"{'908520', '620980'} | support: 40"
"{'908520', '620980', '250820'} | support: 40"
"{'908520', '250820'} | support: 158"
"{'730', '363970'} | support: 38"
"{'571740', '730'} | support: 46"
"{'325610', '214950'} | support: 40"
"{'394360', '251060'} | support: 36"
"{'251060', '236390'} | support: 45"
"{'635260', '730'} | support: 41"
"{'244450', '236390'} | support: 37"
"{'394360', '244450'} | support: 40"
"{'730', '1203220'} | support: 32"
"{'824270', '730'} | support: 51"
"{'824270', '1172470'} | support: 62"
"{'489830', '22330'} | support: 62"
"{'739630', '493520'} | support: 34"
"{'548430', '493520'} | support: 35"
"{'730', '200210'} | support: 34"
"{'730', '322170'} | support: 82"
"{'1085660', '1240440'} | support: 39"
"{'976730', '1240440'} | support: 44"
"{'394690', '440'} | support: 32"
"{'394690', '548430'} | support: 33"
"{'394690', '739630'} | support: 34"
"{'394690', '4000'} | support: 35"
"{'250820', '394690'} | support: 45"
"{'620980', '546560'} | support: 45"
"{'250820', '620980', '546560'} | support: 45"
"{'250820', '546560'} | support: 197"
"{'211420', '374320'} | support: 41"
"{'1190000', '227300'} | support: 35"
"{'12120', '730'} | support: 48"
"{'1782210', '730'} | support: 53"
"{'880940', '739630'} | support: 42"
"{'880940', '730'} | support: 61"
"{'310950', '1384160'} | support: 43"
"{'250820', '264710'} | support: 37"
"{'504370', '730'} | support: 33"
"{'570', '504370'} | support: 39"
"{'730', '1238840'} | support: 35"
"{'570', '444200'} | support: 39"
"{'730', '444200'} | support: 67"
"{'730', '221380'} | support: 42"
"{'34330', '594570'} | support: 34"
"{'394360', '34330'} | support: 36"
"{'250820', '753640'} | support: 35"
"{'700330', '739630'} | support: 34"
"{'700330', '4000'} | support: 37"
"{'700330', '730'} | support: 71"
"{'1080110', '730'} | support: 48"
"{'311690', '250900'} | support: 38"
"{'311690', '730'} | support: 39"
"{'450540', '620980'} | support: 33"
"{'450540', '620980', '250820'} | support: 33"
"{'450540', '548430'} | support: 35"
"{'450540', '250820', '548430'} | support: 35"
"{'450540', '438100'} | support: 45"
"{'450540', '250820', '438100'} | support: 45"
"{'450540', '555160'} | support: 46"
"{'450540', '250820', '555160'} | support: 46"
"{'450540', '629730'} | support: 71"
"{'450540', '250820', '629730'} | support: 71"
"{'450540', '250820'} | support: 248"
"{'552520', '730'} | support: 38"
"{'976310', '570'} | support: 36"
"{'976310', '730'} | support: 50"
"{'203770', '1158310'} | support: 53"
"{'394360', '203770'} | support: 54"
"{'236850', '203770'} | support: 57"
"{'739630', '1068820'} | support: 38"
"{'250820', '739630', '1068820'} | support: 38"
"{'620980', '1068820'} | support: 45"
"{'250820', '620980', '1068820'} | support: 45"
"{'1068820', '1009850'} | support: 151"
"{'438100', '1068820', '1009850'} | support: 132"
"{'438100', '250820', '1068820', '1009850'} | support: 132"
"{'250820', '1068820', '1009850'} | support: 151"
"{'438100', '1068820'} | support: 179"
"{'438100', '250820', '1068820'} | support: 179"
"{'250820', '1068820'} | support: 255"
"{'730', '805550'} | support: 39"
"{'1134570', '805550'} | support: 41"
"{'244210', '805550'} | support: 77"
"{'780310', '548430'} | support: 36"
"{'690790', '250820'} | support: 37"
"{'690790', '244210'} | support: 54"
"{'690790', '730'} | support: 54"
"{'250820', '1118200'} | support: 50"
"{'730', '1118200'} | support: 56"
"{'4000', '1118200'} | support: 57"
"{'218230', '730'} | support: 34"
"{'1313860', '730'} | support: 79"
"{'581320', '418460'} | support: 36"
"{'107410', '418460'} | support: 39"
"{'418460', '236390'} | support: 45"
"{'730', '418460'} | support: 57"
"{'1267910', '1063730'} | support: 33"
"{'513710', '730'} | support: 32"
"{'513710', '1063730'} | support: 34"
"{'594650', '1600360'} | support: 37"
"{'1600360', '1172470'} | support: 38"
"{'1600360', '1063730'} | support: 39"
"{'1600360', '730'} | support: 42"
"{'379430', '730'} | support: 35"
"{'739630', '621060'} | support: 32"
"{'294100', '233860'} | support: 50"
"{'228380', '252950'} | support: 37"
"{'228380', '730'} | support: 52"
"{'1172470', '1049590'} | support: 51"
"{'440900', '1063730'} | support: 33"
"{'1366540', '427520'} | support: 34"
"{'105600', '211820'} | support: 45"
"{'739630', '527230'} | support: 35"
"{'548430', '527230'} | support: 40"
"{'394360', '214950'} | support: 34"
"{'214950', '730'} | support: 38"
"{'214950', '261550'} | support: 46"
"{'214950', '594570'} | support: 52"
"{'1063730', '780290'} | support: 32"
"{'286160', '780290'} | support: 32"
"{'548430', '780290'} | support: 39"
"{'1263850', '730'} | support: 38"
"{'1263850', '1569040'} | support: 63"
"{'730', '814380'} | support: 38"
"{'814380', '374320'} | support: 57"
"{'570', '466560'} | support: 32"
"{'548430', '466560'} | support: 36"
"{'367520', '250900'} | support: 36"
"{'1046930', '730'} | support: 78"
"{'1046930', '570', '730'} | support: 52"
"{'1046930', '570'} | support: 187"
"{'250820', '304390'} | support: 33"
"{'304390', '1172470'} | support: 35"
"{'304390', '730'} | support: 40"
"{'304390', '739630'} | support: 43"
"{'381210', '304390'} | support: 49"
"{'250820', '221680'} | support: 35"
"{'221680', '730'} | support: 37"
"{'12210', '730'} | support: 52"
"{'12210', '271590'} | support: 57"
"{'730', '1238860'} | support: 75"
"{'469600', '1063730'} | support: 34"
"{'469600', '570'} | support: 37"
"{'469600', '730'} | support: 40"
"{'431960', '555160'} | support: 37"
"{'250820', '431960', '555160'} | support: 37"
"{'555160', '1009850'} | support: 48"
"{'438100', '555160', '1009850'} | support: 33"
"{'438100', '250820', '555160', '1009850'} | support: 33"
"{'250820', '555160', '1009850'} | support: 48"
"{'555160', '730'} | support: 50"
"{'250820', '555160', '730'} | support: 48"
"{'620980', '555160'} | support: 55"
"{'250820', '620980', '555160'} | support: 55"
"{'739630', '555160'} | support: 68"
"{'250820', '739630', '555160'} | support: 68"
"{'438100', '555160'} | support: 72"
"{'438100', '250820', '555160'} | support: 72"
"{'629730', '555160'} | support: 88"
"{'629730', '250820', '555160'} | support: 88"
"{'250820', '555160'} | support: 343"
"{'252950', '477160'} | support: 35"
"{'477160', '548430'} | support: 43"
"{'477160', '730'} | support: 50"
"{'477160', '739630'} | support: 51"
"{'250820', '1250410'} | support: 52"
"{'1158310', '1124300'} | support: 32"
"{'281990', '1124300'} | support: 35"
"{'1063730', '1124300'} | support: 35"
"{'289070', '1124300'} | support: 37"
"{'250820', '220200'} | support: 41"
"{'739630', '311210'} | support: 36"
"{'1172470', '311210'} | support: 36"
"{'431960', '311210'} | support: 41"
"{'250820', '311210'} | support: 54"
"{'730', '311210'} | support: 67"
"{'613100', '739630'} | support: 52"
"{'730', '48700'} | support: 56"
"{'261550', '48700'} | support: 67"
"{'730', '620'} | support: 70"
"{'252950', '1506830'} | support: 52"
"{'730', '1506830'} | support: 107"
"{'1172470', '582660'} | support: 34"
"{'230410', '582660'} | support: 34"
"{'1063730', '582660'} | support: 39"
"{'730', '582660'} | support: 44"
"{'518790', '730'} | support: 50"
"{'548430', '219990'} | support: 41"
"{'714010', '739630'} | support: 32"
"{'714010', '431960'} | support: 33"
"{'714010', '1063730'} | support: 34"
"{'714010', '1172470'} | support: 109"
"{'714010', '730', '1172470'} | support: 32"
"{'714010', '730'} | support: 136"
"{'250900', '212680'} | support: 33"
"{'730', '212680'} | support: 34"
"{'548430', '212680'} | support: 34"
"{'1623660', '1063730'} | support: 33"
"{'1623660', '570'} | support: 52"
"{'1623660', '730'} | support: 74"
"{'1286830', '730'} | support: 37"
"{'335300', '739630'} | support: 32"
"{'335300', '548430'} | support: 32"
"{'335300', '570'} | support: 33"
"{'335300', '1172470'} | support: 37"
"{'335300', '730'} | support: 39"
"{'570940', '335300'} | support: 63"
"{'335300', '374320'} | support: 119"
"{'1063730', '629760'} | support: 33"
"{'594650', '629760'} | support: 33"
"{'570', '629760'} | support: 36"
"{'548430', '629760'} | support: 41"
"{'739630', '629760'} | support: 43"
"{'250820', '629760'} | support: 47"
"{'730', '629760'} | support: 92"
"{'648800', '548430'} | support: 36"
"{'648800', '739630'} | support: 52"
"{'648800', '730'} | support: 66"
"{'570940', '739630'} | support: 33"
"{'570940', '250820'} | support: 36"
"{'570940', '431960'} | support: 38"
"{'570940', '730'} | support: 47"
"{'570940', '374320'} | support: 110"
"{'1238810', '570'} | support: 32"
"{'1238810', '431960'} | support: 36"
"{'1238810', '1172470'} | support: 41"
"{'1238810', '730'} | support: 96"
"{'244850', '236390'} | support: 32"
"{'244850', '739630'} | support: 35"
"{'244850', '730'} | support: 38"
"{'244850', '250820'} | support: 49"
"{'550', '240'} | support: 39"
"{'240', '4000'} | support: 54"
"{'240', '4000', '730'} | support: 33"
"{'240', '440'} | support: 55"
"{'240', '730'} | support: 195"
"{'431960', '1343400'} | support: 35"
"{'1343400', '1063730'} | support: 39"
"{'1343400', '730'} | support: 48"
"{'1088850', '1172470'} | support: 33"
"{'1088850', '739630'} | support: 36"
"{'1088850', '431960'} | support: 36"
"{'1088850', '1085660'} | support: 37"
"{'1088850', '250820'} | support: 39"
"{'1088850', '1063730'} | support: 45"
"{'548430', '629730'} | support: 37"
"{'250820', '548430', '629730'} | support: 35"
"{'629730', '730'} | support: 40"
"{'250820', '629730', '730'} | support: 35"
"{'438100', '629730'} | support: 50"
"{'438100', '250820', '629730'} | support: 50"
"{'431960', '629730'} | support: 54"
"{'250820', '431960', '629730'} | support: 52"
"{'739630', '629730'} | support: 67"
"{'250820', '739630', '629730'} | support: 66"
"{'620980', '629730'} | support: 72"
"{'250820', '620980', '629730'} | support: 71"
"{'250820', '629730'} | support: 445"
"{'381210', '242760'} | support: 44"
"{'242760', '739630'} | support: 47"
"{'250820', '242760'} | support: 56"
"{'242760', '730'} | support: 106"
"{'945360', '431240'} | support: 33"
"{'431240', '548430'} | support: 34"
"{'431240', '1172470'} | support: 34"
"{'250820', '431240'} | support: 52"
"{'431240', '739630'} | support: 65"
"{'252950', '431240'} | support: 67"
"{'431240', '730'} | support: 90"
"{'440', '304930'} | support: 60"
"{'304930', '730'} | support: 80"
"{'218620', '304930'} | support: 222"
"{'252950', '1714040'} | support: 32"
"{'1172470', '1714040'} | support: 32"
"{'646570', '1714040'} | support: 35"
"{'570', '1714040'} | support: 43"
"{'730', '1714040'} | support: 47"
"{'250900', '1714040'} | support: 48"
"{'365670', '4000'} | support: 33"
"{'365670', '431960'} | support: 40"
"{'365670', '1172470'} | support: 40"
"{'365670', '570'} | support: 51"
"{'365670', '730'} | support: 53"
"{'438100', '365670'} | support: 62"
"{'438100', '365670', '250820'} | support: 51"
"{'250820', '365670'} | support: 96"
"{'381210', '1009850'} | support: 41"
"{'438100', '381210', '1009850'} | support: 37"
"{'438100', '250820', '381210', '1009850'} | support: 37"
"{'250820', '381210', '1009850'} | support: 41"
"{'730', '1009850'} | support: 42"
"{'438100', '730', '1009850'} | support: 39"
"{'438100', '250820', '730', '1009850'} | support: 39"
"{'250820', '730', '1009850'} | support: 42"
"{'548430', '1009850'} | support: 42"
"{'438100', '548430', '1009850'} | support: 36"
"{'438100', '250820', '548430', '1009850'} | support: 36"
"{'250820', '548430', '1009850'} | support: 42"
"{'1009850', '1172470'} | support: 50"
"{'438100', '1009850', '1172470'} | support: 41"
"{'438100', '250820', '1009850', '1172470'} | support: 41"
"{'250820', '1009850', '1172470'} | support: 50"
"{'629520', '1009850'} | support: 51"
"{'438100', '629520', '1009850'} | support: 48"
"{'438100', '250820', '629520', '1009850'} | support: 48"
"{'250820', '629520', '1009850'} | support: 51"
"{'431960', '1009850'} | support: 56"
"{'438100', '431960', '1009850'} | support: 40"
"{'438100', '431960', '250820', '1009850'} | support: 40"
"{'250820', '431960', '1009850'} | support: 56"
"{'620980', '1009850'} | support: 76"
"{'438100', '620980', '1009850'} | support: 52"
"{'438100', '620980', '250820', '1009850'} | support: 52"
"{'250820', '620980', '1009850'} | support: 76"
"{'739630', '1009850'} | support: 78"
"{'438100', '739630', '1009850'} | support: 62"
"{'438100', '250820', '739630', '1009850'} | support: 62"
"{'250820', '739630', '1009850'} | support: 78"
"{'438100', '1009850'} | support: 405"
"{'438100', '250820', '1009850'} | support: 405"
"{'250820', '1009850'} | support: 488"
"{'1569040', '1063730'} | support: 33"
"{'1569040', '730'} | support: 55"
"{'359320', '1063730'} | support: 35"
"{'359320', '730'} | support: 36"
"{'359320', '548430'} | support: 38"
"{'250820', '359320'} | support: 77"
"{'677620', '739630'} | support: 33"
"{'677620', '1063730'} | support: 36"
"{'677620', '250820'} | support: 37"
"{'677620', '252950'} | support: 50"
"{'677620', '1172470'} | support: 54"
"{'677620', '730'} | support: 67"
"{'250820', '389730'} | support: 34"
"{'431960', '389730'} | support: 43"
"{'1384160', '389730'} | support: 45"
"{'389730', '1172470'} | support: 50"
"{'570', '389730'} | support: 57"
"{'730', '389730'} | support: 81"
"{'294100', '881100'} | support: 32"
"{'431960', '881100'} | support: 34"
"{'105600', '881100'} | support: 36"
"{'632360', '881100'} | support: 41"
"{'881100', '730'} | support: 45"
"{'881100', '250900'} | support: 48"
"{'250820', '881100'} | support: 49"
"{'548430', '881100'} | support: 53"
"{'1134570', '1551360'} | support: 35"
"{'1134570', '227300'} | support: 39"
"{'1134570', '1063730'} | support: 41"
"{'1134570', '244210'} | support: 49"
"{'252950', '1134570'} | support: 68"
"{'1134570', '730'} | support: 102"
"{'1293830', '250820'} | support: 33"
"{'1293830', '271590'} | support: 39"
"{'1293830', '227300'} | support: 42"
"{'1293830', '431960'} | support: 44"
"{'1293830', '1172470'} | support: 44"
"{'1293830', '570'} | support: 64"
"{'1293830', '1551360'} | support: 78"
"{'1293830', '730'} | support: 114"
"{'1086940', '1172470'} | support: 32"
"{'1086940', '594570'} | support: 32"
"{'1086940', '548430'} | support: 35"
"{'1086940', '250820'} | support: 39"
"{'1086940', '570'} | support: 40"
"{'1086940', '739630'} | support: 51"
"{'1086940', '435150'} | support: 54"
"{'1086940', '1063730'} | support: 57"
"{'10', '570'} | support: 110"
"{'10', '570', '730'} | support: 61"
"{'10', '730'} | support: 251"
"{'284160', '4000'} | support: 32"
"{'284160', '1551360'} | support: 33"
"{'284160', '236390'} | support: 36"
"{'284160', '431960'} | support: 36"
"{'284160', '252950'} | support: 38"
"{'284160', '739630'} | support: 40"
"{'284160', '227300'} | support: 51"
"{'284160', '244210'} | support: 58"
"{'284160', '250820'} | support: 60"
"{'284160', '271590'} | support: 75"
"{'284160', '730'} | support: 84"
"{'239140', '1172470'} | support: 32"
"{'489830', '239140'} | support: 32"
"{'230410', '239140'} | support: 34"
"{'250820', '239140'} | support: 34"
"{'548430', '239140'} | support: 37"
"{'570', '239140'} | support: 41"
"{'239140', '271590'} | support: 42"
"{'381210', '239140'} | support: 42"
"{'739630', '239140'} | support: 46"
"{'730', '239140'} | support: 109"
"{'632360', '1384160'} | support: 34"
"{'1384160', '739630'} | support: 35"
"{'39210', '1384160'} | support: 40"
"{'431960', '1384160'} | support: 42"
"{'570', '1384160'} | support: 45"
"{'1384160', '730'} | support: 46"
"{'1384160', '548430'} | support: 48"
"{'1384160', '1172470'} | support: 76"
"{'252950', '49520'} | support: 33"
"{'440', '49520'} | support: 33"
"{'570', '49520'} | support: 34"
"{'250820', '49520'} | support: 34"
"{'230410', '49520'} | support: 37"
"{'1085660', '49520'} | support: 40"
"{'548430', '49520'} | support: 42"
"{'431960', '49520'} | support: 43"
"{'739630', '49520'} | support: 44"
"{'49520', '1172470'} | support: 46"
"{'397540', '49520'} | support: 46"
"{'730', '49520'} | support: 75"
"{'1217060', '252950'} | support: 33"
"{'1217060', '1085660'} | support: 37"
"{'1217060', '250900'} | support: 39"
"{'1217060', '570'} | support: 40"
"{'1217060', '960090'} | support: 49"
"{'1217060', '730'} | support: 52"
"{'1217060', '1063730'} | support: 53"
"{'1217060', '1172470'} | support: 56"
"{'1217060', '250820'} | support: 60"
"{'1217060', '632360'} | support: 62"
"{'1217060', '739630'} | support: 66"
"{'1217060', '548430'} | support: 92"
"{'107410', '231430'} | support: 34"
"{'231430', '686810'} | support: 37"
"{'231430', '570'} | support: 37"
"{'231430', '548430'} | support: 41"
"{'431960', '231430'} | support: 43"
"{'231430', '236390'} | support: 64"
"{'394360', '231430'} | support: 69"
"{'231430', '730'} | support: 74"
"{'787860', '236390'} | support: 35"
"{'787860', '271590'} | support: 42"
"{'787860', '730'} | support: 43"
"{'787860', '270880'} | support: 52"
"{'787860', '227300'} | support: 114"
"{'602960', '108600'} | support: 35"
"{'221100', '108600'} | support: 35"
"{'381210', '108600'} | support: 36"
"{'548430', '108600'} | support: 42"
"{'570', '108600'} | support: 51"
"{'108600', '730'} | support: 60"
"{'250820', '108600'} | support: 61"
"{'739630', '108600'} | support: 64"
"{'294100', '108600'} | support: 64"
"{'570', '444090'} | support: 34"
"{'386360', '444090'} | support: 40"
"{'230410', '444090'} | support: 40"
"{'548430', '444090'} | support: 41"
"{'739630', '444090'} | support: 43"
"{'252950', '444090'} | support: 44"
"{'381210', '444090'} | support: 45"
"{'440', '444090'} | support: 47"
"{'250820', '444090'} | support: 48"
"{'431960', '444090'} | support: 57"
"{'444090', '1172470'} | support: 68"
"{'730', '444090'} | support: 101"
"{'548430', '72850'} | support: 33"
"{'250820', '72850'} | support: 37"
"{'431960', '72850'} | support: 41"
"{'377160', '72850'} | support: 42"
"{'570', '72850'} | support: 49"
"{'72850', '730'} | support: 71"
"{'489830', '72850'} | support: 73"
"{'22380', '960090'} | support: 32"
"{'22380', '4000'} | support: 33"
"{'22380', '548430'} | support: 33"
"{'22380', '739630'} | support: 35"
"{'394360', '22380'} | support: 37"
"{'22380', '976730'} | support: 41"
"{'22380', '440'} | support: 49"
"{'250820', '22380'} | support: 52"
"{'22380', '730'} | support: 57"
"{'489830', '22380'} | support: 70"
"{'377160', '22380'} | support: 98"
"{'1281930', '4000'} | support: 35"
"{'1281930', '1085660'} | support: 37"
"{'1281930', '570'} | support: 40"
"{'1281930', '1172470'} | support: 42"
"{'1281930', '230410'} | support: 42"
"{'1281930', '739630'} | support: 43"
"{'1281930', '960090'} | support: 46"
"{'1281930', '250900'} | support: 50"
"{'1281930', '440'} | support: 50"
"{'1281930', '431960'} | support: 50"
"{'1281930', '632360'} | support: 53"
"{'1281930', '250820'} | support: 55"
"{'1281930', '548430'} | support: 62"
"{'1281930', '730'} | support: 67"
"{'1281930', '105600'} | support: 211"
"{'1085660', '397540'} | support: 35"
"{'739630', '397540'} | support: 35"
"{'381210', '397540'} | support: 36"
"{'632360', '397540'} | support: 37"
"{'489830', '397540'} | support: 37"
"{'250820', '397540'} | support: 45"
"{'570', '397540'} | support: 46"
"{'431960', '397540'} | support: 46"
"{'397540', '1172470'} | support: 55"
"{'397540', '730'} | support: 59"
"{'548430', '397540'} | support: 66"
"{'1151340', '431960'} | support: 35"
"{'1151340', '271590'} | support: 36"
"{'1151340', '570'} | support: 39"
"{'1151340', '1063730'} | support: 39"
"{'1151340', '1172470'} | support: 40"
"{'1151340', '230410'} | support: 41"
"{'1151340', '739630'} | support: 44"
"{'1151340', '1085660'} | support: 44"
"{'1151340', '730'} | support: 45"
"{'1151340', '489830'} | support: 48"
"{'1151340', '250820'} | support: 50"
"{'1151340', '548430'} | support: 54"
"{'1151340', '377160'} | support: 60"
"{'1517290', '570'} | support: 34"
"{'924970', '1517290'} | support: 35"
"{'1517290', '739630'} | support: 38"
"{'1517290', '548430'} | support: 40"
"{'1085660', '1517290'} | support: 43"
"{'1517290', '1551360'} | support: 45"
"{'252950', '1517290'} | support: 45"
"{'250820', '1517290'} | support: 53"
"{'431960', '1517290'} | support: 78"
"{'1517290', '1172470'} | support: 80"
"{'1517290', '1063730'} | support: 89"
"{'1517290', '730'} | support: 92"
"{'431960', '244210'} | support: 32"
"{'244210', '1551360'} | support: 32"
"{'244210', '271590'} | support: 41"
"{'252950', '244210'} | support: 52"
"{'244210', '227300'} | support: 76"
"{'250820', '244210'} | support: 97"
"{'244210', '730'} | support: 133"
"{'1085660', '782330'} | support: 32"
"{'782330', '381210'} | support: 35"
"{'782330', '489830'} | support: 36"
"{'782330', '440'} | support: 36"
"{'782330', '570'} | support: 37"
"{'782330', '739630'} | support: 51"
"{'782330', '431960'} | support: 51"
"{'782330', '1172470'} | support: 55"
"{'782330', '548430'} | support: 55"
"{'250820', '782330'} | support: 68"
"{'782330', '730'} | support: 69"
"{'782330', '976730'} | support: 72"
"{'232090', '632360'} | support: 32"
"{'232090', '1063730'} | support: 34"
"{'232090', '230410'} | support: 34"
"{'232090', '594650'} | support: 36"
"{'232090', '218620'} | support: 40"
"{'232090', '570'} | support: 45"
"{'232090', '431960'} | support: 51"
"{'232090', '550'} | support: 52"
"{'232090', '381210'} | support: 57"
"{'232090', '1172470'} | support: 58"
"{'232090', '250820'} | support: 59"
"{'232090', '440'} | support: 59"
"{'232090', '739630'} | support: 66"
"{'232090', '548430'} | support: 86"
"{'232090', '730'} | support: 101"
"{'221100', '686810'} | support: 34"
"{'976730', '686810'} | support: 35"
"{'594650', '686810'} | support: 37"
"{'250820', '686810'} | support: 37"
"{'252950', '686810'} | support: 39"
"{'686810', '261550'} | support: 39"
"{'431960', '686810'} | support: 43"
"{'394360', '686810'} | support: 44"
"{'686810', '581320'} | support: 46"
"{'107410', '686810'} | support: 46"
"{'548430', '686810'} | support: 47"
"{'739630', '686810'} | support: 52"
"{'686810', '1063730'} | support: 52"
"{'393380', '686810'} | support: 76"
"{'686810', '236390'} | support: 79"
"{'686810', '730'} | support: 83"
"{'1092790', '730'} | support: 32"
"{'1092790', '286160'} | support: 34"
"{'1092790', '646570'} | support: 36"
"{'1092790', '1063730'} | support: 40"
"{'1092790', '1172470'} | support: 41"
"{'1092790', '381210'} | support: 43"
"{'1092790', '739630'} | support: 60"
"{'1092790', '250900'} | support: 64"
"{'1092790', '548430'} | support: 70"
"{'250820', '1092790'} | support: 73"
"{'393380', '1172470'} | support: 32"
"{'393380', '261550'} | support: 33"
"{'393380', '594650'} | support: 33"
"{'393380', '431960'} | support: 39"
"{'359550', '393380'} | support: 41"
"{'393380', '252950'} | support: 44"
"{'394360', '393380'} | support: 45"
"{'393380', '221100'} | support: 47"
"{'393380', '570'} | support: 49"
"{'393380', '739630'} | support: 50"
"{'393380', '250820'} | support: 53"
"{'393380', '1063730'} | support: 56"
"{'393380', '581320'} | support: 61"
"{'393380', '107410'} | support: 89"
"{'393380', '236390'} | support: 101"
"{'393380', '730'} | support: 122"
"{'281990', '602960'} | support: 32"
"{'602960', '1063730'} | support: 34"
"{'602960', '4000'} | support: 34"
"{'602960', '976730'} | support: 35"
"{'602960', '230410'} | support: 38"
"{'394360', '602960'} | support: 41"
"{'602960', '286160'} | support: 43"
"{'294100', '602960'} | support: 43"
"{'602960', '431960'} | support: 45"
"{'602960', '381210'} | support: 46"
"{'107410', '602960'} | support: 48"
"{'602960', '594650'} | support: 48"
"{'602960', '236390'} | support: 56"
"{'602960', '1172470'} | support: 57"
"{'602960', '570'} | support: 65"
"{'250820', '602960'} | support: 70"
"{'602960', '730'} | support: 71"
"{'602960', '739630'} | support: 96"
"{'602960', '548430'} | support: 137"
"{'739630', '813780'} | support: 34"
"{'570', '813780'} | support: 39"
"{'1063730', '813780'} | support: 45"
"{'1466860', '813780'} | support: 74"
"{'730', '813780'} | support: 122"
"{'250820', '480'} | support: 32"
"{'252950', '480'} | support: 36"
"{'4000', '480'} | support: 40"
"{'359550', '480'} | support: 40"
"{'431960', '480'} | support: 44"
"{'1172470', '480'} | support: 52"
"{'739630', '480'} | support: 65"
"{'570', '480'} | support: 121"
"{'570', '730', '480'} | support: 35"
"{'730', '480'} | support: 178"
"{'250820', '270880'} | support: 40"
"{'730', '270880'} | support: 49"
"{'271590', '270880'} | support: 59"
"{'227300', '270880'} | support: 270"
"{'306130', '1172470'} | support: 32"
"{'739630', '306130'} | support: 34"
"{'377160', '306130'} | support: 36"
"{'230410', '306130'} | support: 41"
"{'1085660', '306130'} | support: 44"
"{'570', '306130'} | support: 50"
"{'306130', '1063730'} | support: 58"
"{'306130', '730'} | support: 66"
"{'489830', '306130'} | support: 78"
"{'960090', '8930'} | support: 33"
"{'489830', '8930'} | support: 34"
"{'739630', '8930'} | support: 36"
"{'250820', '8930'} | support: 38"
"{'440', '8930'} | support: 38"
"{'252950', '8930'} | support: 41"
"{'394360', '8930'} | support: 43"
"{'570', '8930'} | support: 55"
"{'289070', '8930'} | support: 80"
"{'730', '8930'} | support: 108"
"{'250820', '322330'} | support: 32"
"{'960090', '322330'} | support: 36"
"{'431960', '322330'} | support: 37"
"{'322330', '1063730'} | support: 40"
"{'230410', '322330'} | support: 41"
"{'322330', '1172470'} | support: 45"
"{'322330', '250900'} | support: 51"
"{'105600', '322330'} | support: 54"
"{'548430', '322330'} | support: 55"
"{'440', '322330'} | support: 55"
"{'739630', '322330'} | support: 58"
"{'381210', '322330'} | support: 74"
"{'570', '322330'} | support: 74"
"{'322330', '730'} | support: 128"
"{'230410', '291550'} | support: 32"
"{'4000', '291550'} | support: 34"
"{'359550', '291550'} | support: 35"
"{'291550', '1063730'} | support: 38"
"{'105600', '291550'} | support: 38"
"{'945360', '291550'} | support: 38"
"{'440', '291550'} | support: 40"
"{'960090', '291550'} | support: 44"
"{'381210', '291550'} | support: 58"
"{'739630', '291550'} | support: 59"
"{'431960', '291550'} | support: 62"
"{'570', '291550'} | support: 66"
"{'291550', '1172470'} | support: 71"
"{'252950', '291550'} | support: 101"
"{'291550', '730'} | support: 193"
"{'594650', '629520'} | support: 32"
"{'629520', '236390'} | support: 34"
"{'1085660', '629520'} | support: 35"
"{'221100', '629520'} | support: 37"
"{'252490', '629520'} | support: 44"
"{'359550', '629520'} | support: 48"
"{'440', '629520'} | support: 49"
"{'252950', '629520'} | support: 53"
"{'218', '629520'} | support: 59"
"{'629520', '1063730'} | support: 64"
"{'629520', '1172470'} | support: 66"
"{'629520', '271590'} | support: 67"
"{'548430', '629520'} | support: 67"
"{'381210', '629520'} | support: 68"
"{'4000', '629520'} | support: 72"
"{'438100', '629520'} | support: 84"
"{'438100', '250820', '629520'} | support: 74"
"{'431960', '629520'} | support: 86"
"{'739630', '629520'} | support: 118"
"{'250820', '629520'} | support: 119"
"{'570', '629520'} | support: 120"
"{'570', '629520', '730'} | support: 37"
"{'629520', '730'} | support: 182"
"{'1085660', '581320'} | support: 33"
"{'4000', '581320'} | support: 33"
"{'252950', '581320'} | support: 34"
"{'570', '581320'} | support: 35"
"{'394360', '581320'} | support: 36"
"{'550', '581320'} | support: 37"
"{'581320', '271590'} | support: 40"
"{'1063730', '581320'} | support: 42"
"{'431960', '581320'} | support: 48"
"{'359550', '581320'} | support: 49"
"{'976730', '581320'} | support: 50"
"{'739630', '581320'} | support: 54"
"{'581320', '1172470'} | support: 54"
"{'594650', '581320'} | support: 58"
"{'107410', '581320'} | support: 60"
"{'548430', '581320'} | support: 65"
"{'581320', '236390'} | support: 75"
"{'250820', '581320'} | support: 90"
"{'730', '581320'} | support: 134"
"{'1085660', '1145360'} | support: 33"
"{'1145360', '230410'} | support: 38"
"{'1145360', '381210'} | support: 38"
"{'1145360', '739630'} | support: 40"
"{'1145360', '1063730'} | support: 43"
"{'252950', '1145360'} | support: 45"
"{'1145360', '646570'} | support: 46"
"{'1145360', '632360'} | support: 50"
"{'1145360', '431960'} | support: 51"
"{'1145360', '250900'} | support: 52"
"{'250820', '1145360'} | support: 53"
"{'1145360', '548430'} | support: 71"
"{'1145360', '1172470'} | support: 71"
"{'1145360', '730'} | support: 84"
"{'1145360', '570'} | support: 84"
"{'346110', '251570'} | support: 34"
"{'252950', '346110'} | support: 35"
"{'346110', '271590'} | support: 37"
"{'252490', '346110'} | support: 40"
"{'346110', '1172470'} | support: 43"
"{'570', '346110'} | support: 44"
"{'431960', '346110'} | support: 45"
"{'381210', '346110'} | support: 49"
"{'250820', '346110'} | support: 49"
"{'346110', '739630'} | support: 64"
"{'346110', '1063730'} | support: 73"
"{'346110', '730'} | support: 81"
"{'945360', '1172620'} | support: 33"
"{'1172620', '594650'} | support: 33"
"{'1172620', '960090'} | support: 36"
"{'1172620', '632360'} | support: 36"
"{'1172620', '440'} | support: 37"
"{'359550', '1172620'} | support: 38"
"{'1085660', '1172620'} | support: 50"
"{'252950', '1172620'} | support: 59"
"{'1172620', '271590'} | support: 59"
"{'431960', '1172620'} | support: 63"
"{'250820', '1172620'} | support: 65"
"{'1172620', '1063730'} | support: 67"
"{'1172620', '381210'} | support: 72"
"{'1172620', '570'} | support: 77"
"{'1172620', '1172470'} | support: 82"
"{'1172620', '548430'} | support: 97"
"{'1172620', '739630'} | support: 114"
"{'1172620', '730'} | support: 144"
"{'381210', '275850'} | support: 34"
"{'1091500', '275850'} | support: 35"
"{'892970', '275850'} | support: 35"
"{'275850', '976730'} | support: 36"
"{'252950', '275850'} | support: 37"
"{'275850', '271590'} | support: 39"
"{'489830', '275850'} | support: 44"
"{'275850', '1172470'} | support: 49"
"{'230410', '275850'} | support: 50"
"{'570', '275850'} | support: 53"
"{'431960', '275850'} | support: 57"
"{'1085660', '275850'} | support: 59"
"{'275850', '548430'} | support: 62"
"{'275850', '739630'} | support: 63"
"{'275850', '730'} | support: 66"
"{'275850', '1063730'} | support: 70"
"{'250820', '275850'} | support: 118"
"{'262060', '359550'} | support: 32"
"{'262060', '594570'} | support: 32"
"{'262060', '1085660'} | support: 32"
"{'262060', '238960'} | support: 35"
"{'262060', '440'} | support: 35"
"{'262060', '960090'} | support: 36"
"{'262060', '252950'} | support: 37"
"{'262060', '489830'} | support: 39"
"{'262060', '374320'} | support: 40"
"{'262060', '294100'} | support: 41"
"{'262060', '594650'} | support: 42"
"{'262060', '431960'} | support: 45"
"{'262060', '632360'} | support: 47"
"{'262060', '250820'} | support: 52"
"{'262060', '250900'} | support: 52"
"{'262060', '1063730'} | support: 53"
"{'262060', '739630'} | support: 56"
"{'262060', '1172470'} | support: 56"
"{'262060', '646570'} | support: 57"
"{'262060', '730'} | support: 59"
"{'262060', '381210'} | support: 69"
"{'262060', '570'} | support: 72"
"{'262060', '548430'} | support: 87"
"{'945360', '620980'} | support: 32"
"{'945360', '250820', '620980'} | support: 32"
"{'620980', '570'} | support: 34"
"{'250820', '620980', '570'} | support: 33"
"{'620980', '440'} | support: 35"
"{'250820', '620980', '440'} | support: 35"
"{'620980', '976730'} | support: 38"
"{'250820', '620980', '976730'} | support: 38"
"{'620980', '632360'} | support: 43"
"{'250820', '620980', '632360'} | support: 43"
"{'1085660', '620980'} | support: 45"
"{'1085660', '620980', '250820'} | support: 45"
"{'620980', '548430'} | support: 48"
"{'250820', '620980', '548430'} | support: 47"
"{'620980', '381210'} | support: 53"
"{'250820', '620980', '381210'} | support: 53"
"{'252950', '620980'} | support: 63"
"{'252950', '620980', '250820'} | support: 61"
"{'620980', '1063730'} | support: 72"
"{'250820', '620980', '1063730'} | support: 71"
"{'620980', '1172470'} | support: 73"
"{'250820', '620980', '1172470'} | support: 72"
"{'620980', '730'} | support: 92"
"{'250820', '620980', '730'} | support: 91"
"{'620980', '431960'} | support: 101"
"{'250820', '620980', '431960'} | support: 100"
"{'620980', '739630'} | support: 106"
"{'250820', '620980', '739630'} | support: 106"
"{'438100', '620980'} | support: 126"
"{'438100', '620980', '250820'} | support: 126"
"{'250820', '620980'} | support: 929"
"{'582010', '976730'} | support: 34"
"{'582010', '271590'} | support: 34"
"{'582010', '359550'} | support: 34"
"{'582010', '252950'} | support: 38"
"{'582010', '632360'} | support: 40"
"{'582010', '489830'} | support: 42"
"{'582010', '381210'} | support: 42"
"{'582010', '105600'} | support: 43"
"{'582010', '39210'} | support: 45"
"{'582010', '1085660'} | support: 49"
"{'582010', '570'} | support: 55"
"{'582010', '230410'} | support: 56"
"{'582010', '374320'} | support: 59"
"{'582010', '1063730'} | support: 60"
"{'582010', '730'} | support: 65"
"{'582010', '1172470'} | support: 74"
"{'582010', '250820'} | support: 78"
"{'582010', '431960'} | support: 81"
"{'582010', '739630'} | support: 91"
"{'582010', '548430'} | support: 98"
"{'230410', '251570'} | support: 32"
"{'107410', '251570'} | support: 32"
"{'294100', '251570'} | support: 33"
"{'252950', '251570'} | support: 35"
"{'251570', '271590'} | support: 37"
"{'252490', '251570'} | support: 38"
"{'892970', '251570'} | support: 43"
"{'431960', '251570'} | support: 43"
"{'570', '251570'} | support: 45"
"{'251570', '1172470'} | support: 45"
"{'250820', '251570'} | support: 56"
"{'548430', '251570'} | support: 57"
"{'381210', '251570'} | support: 59"
"{'1063730', '251570'} | support: 74"
"{'730', '251570'} | support: 98"
"{'739630', '251570'} | support: 118"
"{'286160', '552500'} | support: 32"
"{'252950', '552500'} | support: 33"
"{'394360', '552500'} | support: 33"
"{'359550', '552500'} | support: 34"
"{'236390', '552500'} | support: 34"
"{'435150', '552500'} | support: 35"
"{'238960', '552500'} | support: 35"
"{'374320', '552500'} | support: 36"
"{'960090', '552500'} | support: 37"
"{'892970', '552500'} | support: 38"
"{'250900', '552500'} | support: 38"
"{'218620', '552500'} | support: 39"
"{'924970', '552500'} | support: 41"
"{'489830', '552500'} | support: 42"
"{'976730', '552500'} | support: 42"
"{'1085660', '552500'} | support: 49"
"{'594650', '552500'} | support: 55"
"{'1063730', '552500'} | support: 56"
"{'632360', '552500'} | support: 56"
"{'440', '552500'} | support: 61"
"{'431960', '552500'} | support: 67"
"{'230410', '552500'} | support: 67"
"{'570', '552500'} | support: 72"
"{'381210', '552500'} | support: 72"
"{'1172470', '552500'} | support: 75"
"{'250820', '552500'} | support: 85"
"{'730', '552500'} | support: 89"
"{'739630', '552500'} | support: 98"
"{'594570', '552500'} | support: 119"
"{'548430', '552500'} | support: 221"
"{'255710', '261550'} | support: 33"
"{'570', '255710'} | support: 38"
"{'255710', '236390'} | support: 40"
"{'255710', '1158310'} | support: 41"
"{'236850', '255710'} | support: 42"
"{'739630', '255710'} | support: 43"
"{'255710', '227300'} | support: 43"
"{'294100', '255710'} | support: 45"
"{'255710', '1063730'} | support: 45"
"{'252950', '255710'} | support: 46"
"{'431960', '255710'} | support: 48"
"{'255710', '271590'} | support: 48"
"{'250820', '255710'} | support: 54"
"{'394360', '255710'} | support: 55"
"{'255710', '289070'} | support: 58"
"{'255710', '730'} | support: 94"
"{'1174180', '594650'} | support: 32"
"{'1174180', '377160'} | support: 33"
"{'1174180', '359550'} | support: 33"
"{'1174180', '4000'} | support: 39"
"{'1174180', '892970'} | support: 40"
"{'1174180', '252950'} | support: 41"
"{'1174180', '548430'} | support: 42"
"{'1174180', '381210'} | support: 47"
"{'1174180', '489830'} | support: 51"
"{'1174180', '236390'} | support: 51"
"{'1174180', '1085660'} | support: 51"
"{'1174180', '976730'} | support: 56"
"{'1174180', '1063730'} | support: 59"
"{'1174180', '1172470'} | support: 62"
"{'1174180', '1091500'} | support: 63"
"{'1174180', '570'} | support: 64"
"{'1174180', '431960'} | support: 74"
"{'1174180', '739630'} | support: 78"
"{'1174180', '250820'} | support: 95"
"{'1174180', '271590'} | support: 113"
"{'1174180', '730'} | support: 148"
"{'238960', '386360'} | support: 32"
"{'386360', '236390'} | support: 32"
"{'945360', '386360'} | support: 32"
"{'440', '386360'} | support: 34"
"{'386360', '374320'} | support: 36"
"{'286160', '386360'} | support: 37"
"{'39210', '386360'} | support: 41"
"{'386360', '250900'} | support: 42"
"{'632360', '386360'} | support: 44"
"{'1085660', '386360'} | support: 49"
"{'960090', '386360'} | support: 52"
"{'230410', '386360'} | support: 60"
"{'250820', '386360'} | support: 70"
"{'252950', '386360'} | support: 74"
"{'570', '386360'} | support: 75"
"{'548430', '386360'} | support: 75"
"{'386360', '1063730'} | support: 93"
"{'381210', '386360'} | support: 93"
"{'431960', '386360'} | support: 100"
"{'739630', '386360'} | support: 102"
"{'386360', '1172470'} | support: 103"
"{'386360', '730'} | support: 110"
"{'1454400', '286160'} | support: 32"
"{'1454400', '271590'} | support: 34"
"{'1454400', '230410'} | support: 35"
"{'413150', '1454400'} | support: 37"
"{'39210', '1454400'} | support: 41"
"{'238960', '1454400'} | support: 41"
"{'252950', '1454400'} | support: 41"
"{'1454400', '632360'} | support: 42"
"{'489830', '1454400'} | support: 44"
"{'1454400', '381210'} | support: 45"
"{'1454400', '105600'} | support: 46"
"{'1454400', '440'} | support: 47"
"{'1085660', '1454400'} | support: 50"
"{'1454400', '570'} | support: 53"
"{'1454400', '960090'} | support: 66"
"{'1454400', '250900'} | support: 71"
"{'1454400', '1172470'} | support: 73"
"{'431960', '1454400'} | support: 75"
"{'1454400', '1063730'} | support: 80"
"{'1454400', '739630'} | support: 86"
"{'1454400', '730'} | support: 86"
"{'1454400', '548430'} | support: 95"
"{'250820', '1454400'} | support: 97"
"{'892970', '1097150'} | support: 32"
"{'440', '1097150'} | support: 33"
"{'1085660', '1097150'} | support: 36"
"{'359550', '1097150'} | support: 39"
"{'960090', '1097150'} | support: 42"
"{'1097150', '250900'} | support: 43"
"{'1097150', '271590'} | support: 48"
"{'548430', '1097150'} | support: 54"
"{'431960', '1097150'} | support: 65"
"{'945360', '1097150'} | support: 67"
"{'250820', '1097150'} | support: 70"
"{'570', '1097150'} | support: 80"
"{'1097150', '1172470'} | support: 103"
"{'1097150', '1063730'} | support: 105"
"{'381210', '1097150'} | support: 109"
"{'739630', '1097150'} | support: 120"
"{'252950', '1097150'} | support: 136"
"{'252950', '1097150', '730'} | support: 34"
"{'1097150', '730'} | support: 204"
"{'39210', '526870'} | support: 32"
"{'1085660', '526870'} | support: 32"
"{'526870', '271590'} | support: 33"
"{'281990', '526870'} | support: 34"
"{'526870', '236390'} | support: 35"
"{'294100', '526870'} | support: 36"
"{'489830', '526870'} | support: 37"
"{'960090', '526870'} | support: 39"
"{'230410', '526870'} | support: 39"
"{'632360', '526870'} | support: 42"
"{'381210', '526870'} | support: 43"
"{'570', '526870'} | support: 47"
"{'892970', '526870'} | support: 48"
"{'431960', '526870'} | support: 55"
"{'526870', '1172470'} | support: 57"
"{'252950', '526870'} | support: 58"
"{'427520', '526870'} | support: 59"
"{'730', '526870'} | support: 83"
"{'739630', '526870'} | support: 88"
"{'1063730', '526870'} | support: 90"
"{'548430', '526870'} | support: 100"
"{'250820', '526870'} | support: 113"
"{'359550', '292030'} | support: 32"
"{'381210', '292030'} | support: 32"
"{'548430', '292030'} | support: 33"
"{'739630', '292030'} | support: 37"
"{'1063730', '292030'} | support: 41"
"{'250820', '292030'} | support: 42"
"{'252950', '292030'} | support: 47"
"{'489830', '292030'} | support: 48"
"{'1091500', '292030'} | support: 48"
"{'292030', '1172470'} | support: 54"
"{'292030', '271590'} | support: 64"
"{'431960', '292030'} | support: 69"
"{'570', '292030'} | support: 132"
"{'570', '730', '292030'} | support: 47"
"{'730', '292030'} | support: 196"
"{'1172470', '1158310'} | support: 43"
"{'489830', '1158310'} | support: 48"
"{'431960', '1158310'} | support: 51"
"{'250820', '1158310'} | support: 53"
"{'1466860', '1158310'} | support: 56"
"{'548430', '1158310'} | support: 59"
"{'289070', '1158310'} | support: 60"
"{'236390', '1158310'} | support: 60"
"{'1063730', '1158310'} | support: 60"
"{'739630', '1158310'} | support: 66"
"{'594570', '1158310'} | support: 70"
"{'570', '1158310'} | support: 75"
"{'294100', '1158310'} | support: 80"
"{'281990', '1158310'} | support: 101"
"{'730', '1158310'} | support: 104"
"{'261550', '1158310'} | support: 106"
"{'236850', '1158310'} | support: 166"
"{'394360', '236850', '1158310'} | support: 57"
"{'394360', '1158310'} | support: 184"
"{'1466860', '236850'} | support: 32"
"{'236850', '1063730'} | support: 35"
"{'252950', '236850'} | support: 35"
"{'236850', '739630'} | support: 38"
"{'431960', '236850'} | support: 39"
"{'236850', '427520'} | support: 40"
"{'236850', '289070'} | support: 43"
"{'489830', '236850'} | support: 48"
"{'236850', '548430'} | support: 49"
"{'236850', '594570'} | support: 51"
"{'570', '236850'} | support: 65"
"{'236850', '236390'} | support: 67"
"{'394360', '236850', '236390'} | support: 33"
"{'294100', '236850'} | support: 71"
"{'236850', '261550'} | support: 72"
"{'281990', '236850'} | support: 104"
"{'236850', '730'} | support: 123"
"{'394360', '236850'} | support: 252"
"{'1793660', '250820'} | support: 40"
"{'1793660', '960090'} | support: 40"
"{'1793660', '381210'} | support: 41"
"{'1793660', '230410'} | support: 55"
"{'1793660', '548430'} | support: 55"
"{'1793660', '39210'} | support: 58"
"{'1793660', '570'} | support: 59"
"{'1793660', '252950'} | support: 67"
"{'1793660', '739630'} | support: 68"
"{'1793660', '1085660'} | support: 70"
"{'1793660', '730'} | support: 79"
"{'1793660', '431960'} | support: 86"
"{'1793660', '1172470'} | support: 92"
"{'1793660', '238960'} | support: 131"
"{'1793660', '1063730'} | support: 220"
"{'435150', '105600'} | support: 32"
"{'435150', '646570'} | support: 32"
"{'924970', '435150'} | support: 32"
"{'435150', '289070'} | support: 35"
"{'39210', '435150'} | support: 36"
"{'435150', '960090'} | support: 37"
"{'359550', '435150'} | support: 37"
"{'294100', '435150'} | support: 37"
"{'435150', '250900'} | support: 37"
"{'435150', '261550'} | support: 38"
"{'435150', '594570'} | support: 38"
"{'435150', '632360'} | support: 38"
"{'252950', '435150'} | support: 39"
"{'435150', '976730'} | support: 39"
"{'435150', '230410'} | support: 40"
"{'892970', '435150'} | support: 40"
"{'238960', '435150'} | support: 41"
"{'435150', '286160'} | support: 41"
"{'435150', '594650'} | support: 42"
"{'435150', '374320'} | support: 44"
"{'435150', '1063730'} | support: 46"
"{'489830', '435150'} | support: 47"
"{'435150', '381210'} | support: 48"
"{'1085660', '435150'} | support: 50"
"{'431960', '435150'} | support: 67"
"{'250820', '435150'} | support: 70"
"{'435150', '739630'} | support: 80"
"{'435150', '1172470'} | support: 85"
"{'435150', '730'} | support: 92"
"{'435150', '548430'} | support: 101"
"{'435150', '570'} | support: 111"
"{'294100', '646570'} | support: 34"
"{'238960', '646570'} | support: 40"
"{'286160', '646570'} | support: 40"
"{'646570', '374320'} | support: 41"
"{'1085660', '646570'} | support: 41"
"{'413150', '646570'} | support: 45"
"{'105600', '646570'} | support: 47"
"{'381210', '646570'} | support: 54"
"{'960090', '646570'} | support: 59"
"{'250820', '646570'} | support: 65"
"{'548430', '646570'} | support: 66"
"{'739630', '646570'} | support: 68"
"{'252950', '646570'} | support: 69"
"{'431960', '646570'} | support: 73"
"{'1063730', '646570'} | support: 75"
"{'632360', '646570'} | support: 79"
"{'646570', '1172470'} | support: 88"
"{'250900', '646570'} | support: 100"
"{'570', '646570'} | support: 100"
"{'730', '646570'} | support: 103"
"{'594650', '261550'} | support: 33"
"{'238960', '261550'} | support: 33"
"{'377160', '261550'} | support: 36"
"{'1466860', '261550'} | support: 37"
"{'289070', '261550'} | support: 39"
"{'271590', '261550'} | support: 42"
"{'281990', '261550'} | support: 46"
"{'892970', '261550'} | support: 46"
"{'1172470', '261550'} | support: 50"
"{'489830', '261550'} | support: 55"
"{'252950', '261550'} | support: 57"
"{'431960', '261550'} | support: 58"
"{'107410', '261550'} | support: 59"
"{'548430', '261550'} | support: 65"
"{'294100', '261550'} | support: 65"
"{'250820', '261550'} | support: 67"
"{'236390', '261550'} | support: 69"
"{'739630', '261550'} | support: 74"
"{'570', '261550'} | support: 85"
"{'394360', '261550'} | support: 95"
"{'594570', '261550'} | support: 102"
"{'1063730', '261550'} | support: 113"
"{'730', '261550'} | support: 152"
"{'438100', '374320'} | support: 33"
"{'438100', '218620'} | support: 34"
"{'438100', '286160'} | support: 36"
"{'438100', '250820', '286160'} | support: 32"
"{'438100', '924970'} | support: 37"
"{'438100', '924970', '250820'} | support: 35"
"{'438100', '570'} | support: 38"
"{'359550', '438100'} | support: 40"
"{'438100', '550'} | support: 41"
"{'438100', '107410'} | support: 41"
"{'438100', '250820', '107410'} | support: 35"
"{'438100', '236390'} | support: 43"
"{'438100', '250820', '236390'} | support: 34"
"{'438100', '960090'} | support: 44"
"{'438100', '250820', '960090'} | support: 32"
"{'438100', '250900'} | support: 44"
"{'438100', '250820', '250900'} | support: 36"
"{'438100', '105600'} | support: 45"
"{'438100', '632360'} | support: 50"
"{'438100', '632360', '250820'} | support: 44"
"{'438100', '271590'} | support: 51"
"{'438100', '250820', '271590'} | support: 35"
"{'438100', '252950'} | support: 52"
"{'438100', '252950', '250820'} | support: 42"
"{'438100', '39210'} | support: 54"
"{'438100', '250820', '39210'} | support: 47"
"{'945360', '438100'} | support: 58"
"{'945360', '438100', '250820'} | support: 38"
"{'438100', '976730'} | support: 60"
"{'438100', '250820', '976730'} | support: 50"
"{'438100', '1063730'} | support: 63"
"{'438100', '250820', '1063730'} | support: 51"
"{'438100', '230410'} | support: 66"
"{'438100', '230410', '250820'} | support: 52"
"{'438100', '1085660'} | support: 72"
"{'438100', '1085660', '250820'} | support: 50"
"{'438100', '4000'} | support: 85"
"{'438100', '250820', '4000'} | support: 62"
"{'438100', '548430'} | support: 92"
"{'438100', '250820', '548430'} | support: 74"
"{'438100', '440'} | support: 103"
"{'438100', '250820', '440'} | support: 76"
"{'438100', '381210'} | support: 106"
"{'438100', '250820', '381210'} | support: 78"
"{'438100', '431960'} | support: 119"
"{'438100', '431960', '250820'} | support: 96"
"{'438100', '730'} | support: 123"
"{'438100', '250820', '730'} | support: 77"
"{'438100', '1172470'} | support: 127"
"{'438100', '250820', '1172470'} | support: 95"
"{'438100', '739630'} | support: 176"
"{'438100', '250820', '739630'} | support: 141"
"{'438100', '250820'} | support: 948"
"{'281990', '892970'} | support: 32"
"{'281990', '359550'} | support: 33"
"{'281990', '1085660'} | support: 34"
"{'281990', '381210'} | support: 35"
"{'281990', '1466860'} | support: 35"
"{'281990', '632360'} | support: 36"
"{'281990', '286160'} | support: 38"
"{'281990', '1172470'} | support: 38"
"{'281990', '440'} | support: 39"
"{'281990', '377160'} | support: 39"
"{'281990', '107410'} | support: 41"
"{'281990', '976730'} | support: 43"
"{'281990', '230410'} | support: 47"
"{'281990', '431960'} | support: 48"
"{'281990', '427520'} | support: 49"
"{'281990', '739630'} | support: 57"
"{'281990', '289070'} | support: 62"
"{'281990', '730'} | support: 68"
"{'281990', '250820'} | support: 70"
"{'281990', '489830'} | support: 70"
"{'281990', '1063730'} | support: 74"
"{'281990', '236390'} | support: 75"
"{'281990', '570'} | support: 77"
"{'281990', '594570'} | support: 79"
"{'281990', '294100'} | support: 89"
"{'281990', '548430'} | support: 102"
"{'281990', '394360'} | support: 136"
"{'1466860', '252490'} | support: 34"
"{'1466860', '594650'} | support: 34"
"{'1466860', '236390'} | support: 37"
"{'1466860', '924970'} | support: 38"
"{'1466860', '394360'} | support: 38"
"{'1466860', '381210'} | support: 41"
"{'1466860', '594570'} | support: 45"
"{'1466860', '250820'} | support: 51"
"{'1466860', '1172470'} | support: 53"
"{'1466860', '252950'} | support: 53"
"{'1466860', '548430'} | support: 57"
"{'1466860', '739630'} | support: 62"
"{'1466860', '431960'} | support: 68"
"{'1466860', '570'} | support: 106"
"{'1466860', '730'} | support: 114"
"{'1466860', '1063730'} | support: 125"
"{'594650', '427520'} | support: 32"
"{'286160', '427520'} | support: 33"
"{'427520', '271590'} | support: 33"
"{'1085660', '427520'} | support: 35"
"{'976730', '427520'} | support: 37"
"{'594570', '427520'} | support: 38"
"{'892970', '427520'} | support: 38"
"{'413150', '427520'} | support: 38"
"{'440', '427520'} | support: 40"
"{'427520', '236390'} | support: 42"
"{'489830', '427520'} | support: 42"
"{'632360', '427520'} | support: 45"
"{'960090', '427520'} | support: 47"
"{'394360', '427520'} | support: 47"
"{'105600', '427520'} | support: 50"
"{'238960', '427520'} | support: 51"
"{'431960', '427520'} | support: 58"
"{'427520', '1172470'} | support: 58"
"{'1063730', '427520'} | support: 68"
"{'252950', '427520'} | support: 69"
"{'739630', '427520'} | support: 72"
"{'570', '427520'} | support: 80"
"{'294100', '427520'} | support: 81"
"{'548430', '427520'} | support: 100"
"{'250820', '427520'} | support: 101"
"{'730', '427520'} | support: 117"
"{'107410', '377160'} | support: 33"
"{'107410', '218620'} | support: 34"
"{'107410', '594570'} | support: 34"
"{'107410', '440'} | support: 35"
"{'107410', '489830'} | support: 35"
"{'107410', '286160'} | support: 36"
"{'107410', '594650'} | support: 36"
"{'107410', '252950'} | support: 37"
"{'107410', '230410'} | support: 39"
"{'107410', '1085660'} | support: 40"
"{'252490', '107410'} | support: 40"
"{'107410', '227300'} | support: 41"
"{'107410', '548430'} | support: 51"
"{'107410', '1172470'} | support: 51"
"{'107410', '294100'} | support: 52"
"{'107410', '218'} | support: 52"
"{'107410', '4000'} | support: 58"
"{'107410', '976730'} | support: 61"
"{'359550', '107410'} | support: 65"
"{'107410', '570'} | support: 67"
"{'107410', '1063730'} | support: 67"
"{'107410', '431960'} | support: 78"
"{'107410', '271590'} | support: 81"
"{'107410', '739630'} | support: 105"
"{'394360', '107410'} | support: 106"
"{'394360', '107410', '236390'} | support: 32"
"{'107410', '221100'} | support: 117"
"{'107410', '250820'} | support: 133"
"{'107410', '236390'} | support: 183"
"{'107410', '730', '236390'} | support: 32"
"{'107410', '730'} | support: 199"
"{'945360', '218'} | support: 32"
"{'218', '578080'} | support: 43"
"{'218', '4000'} | support: 44"
"{'218', '570'} | support: 45"
"{'221100', '218'} | support: 46"
"{'359550', '218'} | support: 52"
"{'218', '1172470'} | support: 54"
"{'252490', '218'} | support: 55"
"{'250820', '218'} | support: 56"
"{'218', '381210'} | support: 61"
"{'218', '227300'} | support: 71"
"{'431960', '218'} | support: 74"
"{'252950', '218'} | support: 93"
"{'218', '739630'} | support: 112"
"{'218', '1063730'} | support: 134"
"{'218', '271590'} | support: 211"
"{'218', '730', '271590'} | support: 49"
"{'218', '730'} | support: 318"
"{'632360', '1551360'} | support: 32"
"{'594650', '1551360'} | support: 33"
"{'230410', '1551360'} | support: 33"
"{'976730', '1551360'} | support: 36"
"{'924970', '1551360'} | support: 36"
"{'238960', '1551360'} | support: 40"
"{'359550', '1551360'} | support: 40"
"{'381210', '1551360'} | support: 41"
"{'227300', '1551360'} | support: 43"
"{'489830', '1551360'} | support: 44"
"{'236390', '1551360'} | support: 47"
"{'960090', '1551360'} | support: 47"
"{'548430', '1551360'} | support: 67"
"{'1085660', '1551360'} | support: 72"
"{'271590', '1551360'} | support: 76"
"{'739630', '1551360'} | support: 78"
"{'570', '1551360'} | support: 79"
"{'250820', '1551360'} | support: 100"
"{'1172470', '1551360'} | support: 108"
"{'431960', '1551360'} | support: 112"
"{'252950', '1551360'} | support: 125"
"{'1063730', '1551360'} | support: 131"
"{'730', '1551360'} | support: 191"
"{'594650', '218620'} | support: 32"
"{'218620', '374320'} | support: 33"
"{'218620', '1063730'} | support: 33"
"{'489830', '218620'} | support: 39"
"{'218620', '105600'} | support: 39"
"{'218620', '250900'} | support: 40"
"{'286160', '218620'} | support: 41"
"{'377160', '218620'} | support: 42"
"{'218620', '976730'} | support: 49"
"{'252950', '218620'} | support: 49"
"{'218620', '236390'} | support: 52"
"{'632360', '218620'} | support: 56"
"{'1085660', '218620'} | support: 60"
"{'218620', '960090'} | support: 62"
"{'230410', '218620'} | support: 68"
"{'359550', '218620'} | support: 72"
"{'218620', '271590'} | support: 74"
"{'550', '218620'} | support: 79"
"{'4000', '218620'} | support: 80"
"{'570', '218620'} | support: 80"
"{'381210', '218620'} | support: 80"
"{'218620', '1172470'} | support: 91"
"{'431960', '218620'} | support: 95"
"{'218620', '739630'} | support: 108"
"{'218620', '548430'} | support: 119"
"{'250820', '218620'} | support: 138"
"{'218620', '440'} | support: 146"
"{'218620', '730'} | support: 191"
"{'489830', '221100'} | support: 33"
"{'892970', '221100'} | support: 35"
"{'221100', '381210'} | support: 35"
"{'221100', '4000'} | support: 39"
"{'394360', '221100'} | support: 43"
"{'359550', '221100'} | support: 51"
"{'221100', '594650'} | support: 51"
"{'431960', '221100'} | support: 58"
"{'221100', '227300'} | support: 61"
"{'252950', '221100'} | support: 66"
"{'221100', '578080'} | support: 67"
"{'250820', '221100'} | support: 67"
"{'221100', '1172470'} | support: 68"
"{'221100', '271590'} | support: 73"
"{'221100', '236390'} | support: 74"
"{'221100', '739630'} | support: 86"
"{'221100', '1063730'} | support: 90"
"{'252490', '221100'} | support: 98"
"{'221100', '570'} | support: 147"
"{'221100', '570', '730'} | support: 48"
"{'221100', '730'} | support: 292"
"{'394360', '550'} | support: 32"
"{'550', '286160'} | support: 36"
"{'550', '377160'} | support: 38"
"{'550', '236390'} | support: 38"
"{'1085660', '550'} | support: 41"
"{'550', '489830'} | support: 41"
"{'550', '230410'} | support: 41"
"{'550', '250900'} | support: 42"
"{'924970', '550'} | support: 42"
"{'945360', '550'} | support: 42"
"{'252950', '550'} | support: 43"
"{'550', '960090'} | support: 45"
"{'550', '632360'} | support: 48"
"{'550', '105600'} | support: 48"
"{'550', '578080'} | support: 49"
"{'359550', '550'} | support: 58"
"{'550', '976730'} | support: 73"
"{'550', '548430'} | support: 82"
"{'550', '431960'} | support: 84"
"{'550', '381210'} | support: 91"
"{'550', '271590'} | support: 95"
"{'250820', '550'} | support: 99"
"{'550', '4000'} | support: 106"
"{'550', '4000', '440'} | support: 42"
"{'550', '1172470'} | support: 108"
"{'550', '739630'} | support: 115"
"{'550', '570'} | support: 129"
"{'550', '570', '730'} | support: 50"
"{'550', '440'} | support: 196"
"{'550', '440', '730'} | support: 40"
"{'550', '730'} | support: 289"
"{'377160', '289070'} | support: 32"
"{'377160', '960090'} | support: 33"
"{'377160', '632360'} | support: 34"
"{'892970', '377160'} | support: 34"
"{'377160', '374320'} | support: 34"
"{'252950', '377160'} | support: 34"
"{'377160', '1091500'} | support: 41"
"{'377160', '594650'} | support: 42"
"{'377160', '594570'} | support: 43"
"{'377160', '250900'} | support: 43"
"{'377160', '4000'} | support: 44"
"{'377160', '105600'} | support: 46"
"{'294100', '377160'} | support: 47"
"{'377160', '381210'} | support: 48"
"{'359550', '377160'} | support: 51"
"{'377160', '976730'} | support: 51"
"{'377160', '236390'} | support: 52"
"{'377160', '1172470'} | support: 54"
"{'377160', '230410'} | support: 56"
"{'377160', '440'} | support: 56"
"{'394360', '377160'} | support: 59"
"{'377160', '1063730'} | support: 60"
"{'1085660', '377160'} | support: 65"
"{'377160', '570'} | support: 69"
"{'377160', '271590'} | support: 70"
"{'377160', '548430'} | support: 78"
"{'377160', '739630'} | support: 84"
"{'431960', '377160'} | support: 97"
"{'250820', '377160'} | support: 104"
"{'377160', '730'} | support: 121"
"{'489830', '377160'} | support: 209"
"{'238960', '924970'} | support: 32"
"{'924970', '1091500'} | support: 33"
"{'892970', '924970'} | support: 34"
"{'924970', '105600'} | support: 35"
"{'924970', '374320'} | support: 35"
"{'924970', '286160'} | support: 37"
"{'924970', '271590'} | support: 38"
"{'924970', '632360'} | support: 43"
"{'924970', '250900'} | support: 45"
"{'924970', '440'} | support: 47"
"{'924970', '489830'} | support: 48"
"{'924970', '960090'} | support: 50"
"{'924970', '230410'} | support: 51"
"{'359550', '924970'} | support: 52"
"{'39210', '924970'} | support: 53"
"{'924970', '594650'} | support: 59"
"{'924970', '976730'} | support: 68"
"{'252950', '924970'} | support: 81"
"{'924970', '570'} | support: 83"
"{'1085660', '924970'} | support: 89"
"{'924970', '431960'} | support: 110"
"{'924970', '1063730'} | support: 111"
"{'924970', '381210'} | support: 125"
"{'250820', '924970'} | support: 131"
"{'250820', '924970', '739630'} | support: 40"
"{'924970', '730'} | support: 131"
"{'924970', '1172470'} | support: 149"
"{'924970', '548430'} | support: 166"
"{'924970', '739630'} | support: 210"
"{'1091500', '250900'} | support: 32"
"{'1091500', '594570'} | support: 34"
"{'39210', '1091500'} | support: 36"
"{'1091500', '578080'} | support: 36"
"{'238960', '1091500'} | support: 36"
"{'1091500', '227300'} | support: 38"
"{'1091500', '230410'} | support: 43"
"{'892970', '1091500'} | support: 43"
"{'1091500', '976730'} | support: 44"
"{'359550', '1091500'} | support: 44"
"{'252950', '1091500'} | support: 44"
"{'1091500', '236390'} | support: 52"
"{'1091500', '381210'} | support: 53"
"{'1091500', '548430'} | support: 56"
"{'1091500', '271590'} | support: 69"
"{'489830', '1091500'} | support: 77"
"{'1085660', '1091500'} | support: 81"
"{'1091500', '739630'} | support: 83"
"{'1091500', '570'} | support: 98"
"{'250820', '1091500'} | support: 101"
"{'1091500', '1172470'} | support: 107"
"{'1091500', '1063730'} | support: 110"
"{'431960', '1091500'} | support: 132"
"{'431960', '1091500', '730'} | support: 32"
"{'1091500', '730'} | support: 191"
"{'250900', '594570'} | support: 33"
"{'252950', '594570'} | support: 36"
"{'39210', '594570'} | support: 38"
"{'440', '594570'} | support: 38"
"{'1085660', '594570'} | support: 39"
"{'892970', '594570'} | support: 42"
"{'230410', '594570'} | support: 42"
"{'359550', '594570'} | support: 44"
"{'960090', '594570'} | support: 45"
"{'238960', '594570'} | support: 46"
"{'632360', '594570'} | support: 49"
"{'594570', '374320'} | support: 49"
"{'286160', '594570'} | support: 50"
"{'289070', '594570'} | support: 51"
"{'381210', '594570'} | support: 52"
"{'976730', '594570'} | support: 56"
"{'594650', '594570'} | support: 60"
"{'250820', '594570'} | support: 66"
"{'594570', '1172470'} | support: 70"
"{'431960', '594570'} | support: 75"
"{'294100', '594570'} | support: 81"
"{'570', '594570'} | support: 81"
"{'594570', '236390'} | support: 83"
"{'489830', '594570'} | support: 83"
"{'394360', '594570'} | support: 84"
"{'1063730', '594570'} | support: 95"
"{'730', '594570'} | support: 100"
"{'739630', '594570'} | support: 113"
"{'548430', '594570'} | support: 126"
"{'294100', '238960'} | support: 32"
"{'359550', '294100'} | support: 32"
"{'294100', '381210'} | support: 34"
"{'294100', '374320'} | support: 34"
"{'294100', '594650'} | support: 35"
"{'294100', '286160'} | support: 37"
"{'294100', '4000'} | support: 37"
"{'252490', '294100'} | support: 37"
"{'294100', '271590'} | support: 39"
"{'294100', '440'} | support: 39"
"{'294100', '976730'} | support: 40"
"{'294100', '252950'} | support: 41"
"{'294100', '230410'} | support: 42"
"{'294100', '960090'} | support: 44"
"{'294100', '892970'} | support: 47"
"{'294100', '250900'} | support: 48"
"{'294100', '1172470'} | support: 48"
"{'294100', '289070'} | support: 49"
"{'294100', '632360'} | support: 52"
"{'294100', '413150'} | support: 57"
"{'294100', '489830'} | support: 60"
"{'294100', '105600'} | support: 60"
"{'294100', '431960'} | support: 64"
"{'294100', '739630'} | support: 69"
"{'294100', '236390'} | support: 76"
"{'294100', '570'} | support: 83"
"{'294100', '1063730'} | support: 90"
"{'394360', '294100'} | support: 91"
"{'294100', '730'} | support: 100"
"{'294100', '548430'} | support: 111"
"{'294100', '250820'} | support: 121"
"{'413150', '374320'} | support: 32"
"{'236390', '374320'} | support: 35"
"{'271590', '374320'} | support: 44"
"{'359550', '374320'} | support: 45"
"{'4000', '374320'} | support: 46"
"{'892970', '374320'} | support: 47"
"{'440', '374320'} | support: 48"
"{'286160', '374320'} | support: 51"
"{'960090', '374320'} | support: 53"
"{'238960', '374320'} | support: 56"
"{'594650', '374320'} | support: 60"
"{'39210', '374320'} | support: 62"
"{'230410', '374320'} | support: 63"
"{'105600', '374320'} | support: 67"
"{'252950', '374320'} | support: 70"
"{'976730', '374320'} | support: 74"
"{'1085660', '374320'} | support: 78"
"{'250900', '374320'} | support: 79"
"{'381210', '374320'} | support: 83"
"{'632360', '374320'} | support: 83"
"{'489830', '374320'} | support: 85"
"{'1063730', '374320'} | support: 93"
"{'548430', '374320'} | support: 101"
"{'570', '374320'} | support: 104"
"{'1172470', '374320'} | support: 105"
"{'431960', '374320'} | support: 110"
"{'739630', '374320'} | support: 112"
"{'250820', '374320'} | support: 117"
"{'730', '374320'} | support: 174"
"{'632360', '289070'} | support: 32"
"{'238960', '289070'} | support: 32"
"{'960090', '289070'} | support: 37"
"{'359550', '289070'} | support: 37"
"{'892970', '289070'} | support: 38"
"{'1085660', '289070'} | support: 39"
"{'250900', '289070'} | support: 40"
"{'548430', '289070'} | support: 44"
"{'413150', '289070'} | support: 47"
"{'381210', '289070'} | support: 48"
"{'394360', '289070'} | support: 53"
"{'250820', '289070'} | support: 54"
"{'431960', '289070'} | support: 58"
"{'489830', '289070'} | support: 59"
"{'252950', '289070'} | support: 62"
"{'289070', '1172470'} | support: 66"
"{'739630', '289070'} | support: 66"
"{'1063730', '289070'} | support: 73"
"{'570', '289070'} | support: 119"
"{'730', '289070'} | support: 124"
"{'238960', '286160'} | support: 32"
"{'286160', '271590'} | support: 33"
"{'413150', '286160'} | support: 37"
"{'359550', '286160'} | support: 38"
"{'892970', '286160'} | support: 38"
"{'286160', '105600'} | support: 38"
"{'594650', '286160'} | support: 39"
"{'230410', '286160'} | support: 45"
"{'4000', '286160'} | support: 47"
"{'39210', '286160'} | support: 51"
"{'394360', '286160'} | support: 53"
"{'1085660', '286160'} | support: 55"
"{'286160', '976730'} | support: 57"
"{'286160', '250900'} | support: 58"
"{'286160', '440'} | support: 58"
"{'286160', '960090'} | support: 61"
"{'945360', '286160'} | support: 66"
"{'252950', '286160'} | support: 67"
"{'632360', '286160'} | support: 78"
"{'286160', '1063730'} | support: 80"
"{'431960', '286160'} | support: 81"
"{'286160', '1172470'} | support: 83"
"{'570', '286160'} | support: 94"
"{'381210', '286160'} | support: 100"
"{'286160', '730'} | support: 106"
"{'250820', '286160'} | support: 126"
"{'286160', '739630'} | support: 149"
"{'286160', '548430'} | support: 164"
"{'413150', '632360'} | support: 35"
"{'413150', '976730'} | support: 37"
"{'413150', '271590'} | support: 38"
"{'945360', '413150'} | support: 39"
"{'39210', '413150'} | support: 44"
"{'413150', '440'} | support: 47"
"{'359550', '413150'} | support: 48"
"{'413150', '230410'} | support: 48"
"{'892970', '413150'} | support: 50"
"{'1085660', '413150'} | support: 51"
"{'413150', '960090'} | support: 61"
"{'413150', '250900'} | support: 68"
"{'489830', '413150'} | support: 73"
"{'413150', '1172470'} | support: 74"
"{'431960', '413150'} | support: 75"
"{'252950', '413150'} | support: 75"
"{'413150', '105600'} | support: 76"
"{'413150', '1063730'} | support: 77"
"{'413150', '570'} | support: 84"
"{'413150', '381210'} | support: 87"
"{'250820', '413150'} | support: 88"
"{'413150', '548430'} | support: 91"
"{'413150', '739630'} | support: 119"
"{'413150', '730'} | support: 119"
"{'394360', '227300'} | support: 32"
"{'394360', '960090'} | support: 35"
"{'394360', '594650'} | support: 36"
"{'394360', '105600'} | support: 38"
"{'394360', '976730'} | support: 41"
"{'394360', '381210'} | support: 42"
"{'394360', '1172470'} | support: 43"
"{'394360', '271590'} | support: 48"
"{'394360', '252950'} | support: 49"
"{'394360', '359550'} | support: 57"
"{'394360', '4000'} | support: 57"
"{'394360', '1063730'} | support: 58"
"{'394360', '489830'} | support: 62"
"{'394360', '548430'} | support: 63"
"{'394360', '440'} | support: 63"
"{'394360', '250820'} | support: 86"
"{'394360', '739630'} | support: 88"
"{'394360', '570'} | support: 93"
"{'394360', '431960'} | support: 103"
"{'394360', '730'} | support: 199"
"{'394360', '730', '236390'} | support: 36"
"{'394360', '236390'} | support: 215"
"{'4000', '578080'} | support: 34"
"{'4000', '227300'} | support: 41"
"{'489830', '4000'} | support: 42"
"{'230410', '4000'} | support: 46"
"{'632360', '4000'} | support: 53"
"{'4000', '960090'} | support: 55"
"{'4000', '250900'} | support: 62"
"{'1085660', '4000'} | support: 64"
"{'4000', '1063730'} | support: 65"
"{'252490', '4000'} | support: 69"
"{'252490', '4000', '730'} | support: 33"
"{'359550', '4000'} | support: 71"
"{'4000', '236390'} | support: 79"
"{'252950', '4000'} | support: 82"
"{'4000', '976730'} | support: 91"
"{'945360', '4000'} | support: 92"
"{'4000', '105600'} | support: 93"
"{'4000', '548430'} | support: 97"
"{'381210', '4000'} | support: 97"
"{'570', '4000'} | support: 116"
"{'570', '4000', '730'} | support: 48"
"{'4000', '1172470'} | support: 117"
"{'4000', '730', '1172470'} | support: 37"
"{'4000', '271590'} | support: 136"
"{'4000', '730', '271590'} | support: 42"
"{'431960', '4000'} | support: 143"
"{'250820', '431960', '4000'} | support: 37"
"{'431960', '4000', '730'} | support: 39"
"{'4000', '739630'} | support: 167"
"{'250820', '4000', '739630'} | support: 40"
"{'250820', '4000'} | support: 216"
"{'250820', '4000', '730'} | support: 34"
"{'250820', '4000', '440'} | support: 36"
"{'4000', '440'} | support: 233"
"{'4000', '440', '730'} | support: 52"
"{'4000', '730'} | support: 395"
"{'945360', '578080'} | support: 33"
"{'945360', '236390'} | support: 33"
"{'945360', '39210'} | support: 35"
"{'945360', '892970'} | support: 36"
"{'945360', '252490'} | support: 44"
"{'945360', '230410'} | support: 47"
"{'945360', '105600'} | support: 53"
"{'945360', '632360'} | support: 57"
"{'945360', '976730'} | support: 60"
"{'945360', '960090'} | support: 64"
"{'945360', '271590'} | support: 67"
"{'945360', '440'} | support: 67"
"{'945360', '250900'} | support: 67"
"{'945360', '1085660'} | support: 76"
"{'945360', '548430'} | support: 77"
"{'945360', '359550'} | support: 79"
"{'945360', '570'} | support: 110"
"{'945360', '1063730'} | support: 112"
"{'945360', '431960'} | support: 120"
"{'945360', '252950'} | support: 130"
"{'945360', '250820'} | support: 142"
"{'945360', '250820', '739630'} | support: 36"
"{'945360', '1172470'} | support: 153"
"{'945360', '730', '1172470'} | support: 37"
"{'945360', '381210'} | support: 159"
"{'945360', '381210', '739630'} | support: 32"
"{'945360', '739630'} | support: 215"
"{'945360', '730'} | support: 302"
"{'252490', '632360'} | support: 34"
"{'632360', '236390'} | support: 35"
"{'359550', '632360'} | support: 45"
"{'489830', '632360'} | support: 50"
"{'892970', '632360'} | support: 56"
"{'39210', '632360'} | support: 57"
"{'632360', '594650'} | support: 72"
"{'632360', '976730'} | support: 74"
"{'632360', '105600'} | support: 86"
"{'238960', '632360'} | support: 91"
"{'632360', '230410'} | support: 95"
"{'632360', '440'} | support: 105"
"{'632360', '381210'} | support: 108"
"{'632360', '250900'} | support: 112"
"{'1085660', '632360'} | support: 115"
"{'252950', '632360'} | support: 117"
"{'632360', '1063730'} | support: 122"
"{'431960', '632360'} | support: 126"
"{'632360', '960090'} | support: 145"
"{'632360', '570'} | support: 160"
"{'632360', '739630'} | support: 163"
"{'250820', '632360', '739630'} | support: 37"
"{'250820', '632360'} | support: 177"
"{'632360', '1172470'} | support: 179"
"{'632360', '730'} | support: 223"
"{'632360', '548430'} | support: 237"
"{'892970', '227300'} | support: 37"
"{'892970', '578080'} | support: 37"
"{'892970', '238960'} | support: 38"
"{'892970', '39210'} | support: 39"
"{'252490', '892970'} | support: 41"
"{'892970', '594650'} | support: 43"
"{'892970', '440'} | support: 43"
"{'892970', '236390'} | support: 46"
"{'892970', '960090'} | support: 50"
"{'359550', '892970'} | support: 55"
"{'892970', '976730'} | support: 56"
"{'892970', '271590'} | support: 59"
"{'892970', '105600'} | support: 60"
"{'892970', '230410'} | support: 62"
"{'892970', '1085660'} | support: 70"
"{'892970', '381210'} | support: 70"
"{'892970', '489830'} | support: 73"
"{'892970', '252950'} | support: 90"
"{'892970', '431960'} | support: 114"
"{'892970', '1172470'} | support: 115"
"{'892970', '250820'} | support: 116"
"{'892970', '570'} | support: 123"
"{'892970', '570', '730'} | support: 32"
"{'892970', '548430'} | support: 137"
"{'892970', '1063730'} | support: 153"
"{'892970', '739630'} | support: 159"
"{'892970', '730'} | support: 222"
"{'976730', '105600'} | support: 41"
"{'594650', '105600'} | support: 41"
"{'39210', '105600'} | support: 41"
"{'105600', '236390'} | support: 54"
"{'359550', '105600'} | support: 58"
"{'252490', '105600'} | support: 58"
"{'238960', '105600'} | support: 60"
"{'489830', '105600'} | support: 72"
"{'105600', '271590'} | support: 76"
"{'230410', '105600'} | support: 76"
"{'1085660', '105600'} | support: 89"
"{'960090', '105600'} | support: 92"
"{'381210', '105600'} | support: 93"
"{'105600', '1063730'} | support: 102"
"{'440', '105600'} | support: 104"
"{'252950', '105600'} | support: 106"
"{'105600', '250900'} | support: 110"
"{'105600', '1172470'} | support: 121"
"{'548430', '105600'} | support: 131"
"{'250820', '105600'} | support: 132"
"{'739630', '105600'} | support: 140"
"{'431960', '105600'} | support: 148"
"{'570', '105600'} | support: 156"
"{'105600', '730'} | support: 288"
"{'594650', '271590'} | support: 43"
"{'594650', '960090'} | support: 46"
"{'594650', '440'} | support: 46"
"{'489830', '594650'} | support: 49"
"{'594650', '250900'} | support: 54"
"{'594650', '578080'} | support: 55"
"{'238960', '594650'} | support: 57"
"{'594650', '976730'} | support: 59"
"{'594650', '236390'} | support: 64"
"{'230410', '594650'} | support: 65"
"{'252490', '594650'} | support: 68"
"{'1085660', '594650'} | support: 82"
"{'359550', '594650'} | support: 87"
"{'252950', '594650'} | support: 105"
"{'431960', '594650'} | support: 120"
"{'250820', '594650'} | support: 148"
"{'250820', '594650', '739630'} | support: 32"
"{'570', '594650'} | support: 166"
"{'570', '594650', '730'} | support: 33"
"{'594650', '1172470'} | support: 175"
"{'594650', '730', '1172470'} | support: 35"
"{'381210', '594650'} | support: 196"
"{'381210', '594650', '739630'} | support: 39"
"{'594650', '739630'} | support: 197"
"{'594650', '548430'} | support: 212"
"{'594650', '1063730'} | support: 226"
"{'594650', '730', '1063730'} | support: 37"
"{'594650', '730'} | support: 279"
"{'39210', '440'} | support: 34"
"{'39210', '960090'} | support: 44"
"{'39210', '489830'} | support: 56"
"{'39210', '252950'} | support: 57"
"{'39210', '250900'} | support: 63"
"{'39210', '976730'} | support: 64"
"{'39210', '730'} | support: 75"
"{'39210', '238960'} | support: 79"
"{'39210', '230410'} | support: 84"
"{'39210', '570'} | support: 91"
"{'39210', '381210'} | support: 106"
"{'39210', '1063730'} | support: 118"
"{'39210', '431960'} | support: 137"
"{'39210', '1085660'} | support: 141"
"{'39210', '1172470'} | support: 143"
"{'39210', '250820'} | support: 152"
"{'39210', '250820', '739630'} | support: 37"
"{'39210', '548430'} | support: 160"
"{'39210', '739630'} | support: 174"
"{'252490', '230410'} | support: 32"
"{'252490', '227300'} | support: 33"
"{'252490', '489830'} | support: 35"
"{'252490', '236390'} | support: 38"
"{'252490', '548430'} | support: 39"
"{'252490', '238960'} | support: 45"
"{'252490', '960090'} | support: 46"
"{'252490', '440'} | support: 54"
"{'252490', '1085660'} | support: 59"
"{'252490', '578080'} | support: 70"
"{'252490', '578080', '730'} | support: 34"
"{'359550', '252490'} | support: 84"
"{'252490', '271590'} | support: 87"
"{'252490', '730', '271590'} | support: 40"
"{'252490', '381210'} | support: 93"
"{'252490', '250820'} | support: 99"
"{'252490', '431960'} | support: 107"
"{'252490', '739630'} | support: 125"
"{'252490', '739630', '730'} | support: 34"
"{'252490', '252950'} | support: 143"
"{'252490', '252950', '730'} | support: 50"
"{'252490', '1172470'} | support: 186"
"{'252490', '730', '1172470'} | support: 51"
"{'252490', '1063730'} | support: 197"
"{'252490', '570'} | support: 201"
"{'252490', '570', '730'} | support: 93"
"{'252490', '730'} | support: 565"
"{'238960', '236390'} | support: 32"
"{'578080', '236390'} | support: 41"
"{'960090', '236390'} | support: 41"
"{'381210', '236390'} | support: 47"
"{'489830', '236390'} | support: 47"
"{'1085660', '236390'} | support: 55"
"{'440', '236390'} | support: 62"
"{'230410', '236390'} | support: 68"
"{'252950', '236390'} | support: 70"
"{'976730', '236390'} | support: 75"
"{'227300', '236390'} | support: 82"
"{'359550', '236390'} | support: 85"
"{'1172470', '236390'} | support: 91"
"{'1063730', '236390'} | support: 99"
"{'271590', '236390'} | support: 104"
"{'548430', '236390'} | support: 106"
"{'570', '236390'} | support: 121"
"{'570', '730', '236390'} | support: 36"
"{'431960', '236390'} | support: 129"
"{'739630', '236390'} | support: 167"
"{'250820', '739630', '236390'} | support: 36"
"{'250820', '236390'} | support: 171"
"{'730', '236390'} | support: 321"
"{'976730', '250900'} | support: 43"
"{'960090', '976730'} | support: 47"
"{'359550', '976730'} | support: 60"
"{'570', '976730'} | support: 60"
"{'381210', '976730'} | support: 73"
"{'976730', '271590'} | support: 78"
"{'230410', '976730'} | support: 86"
"{'976730', '1063730'} | support: 92"
"{'252950', '976730'} | support: 104"
"{'440', '976730'} | support: 109"
"{'489830', '976730'} | support: 114"
"{'431960', '976730'} | support: 150"
"{'250820', '431960', '976730'} | support: 33"
"{'1085660', '976730'} | support: 165"
"{'976730', '1172470'} | support: 182"
"{'976730', '730', '1172470'} | support: 38"
"{'548430', '976730'} | support: 187"
"{'739630', '976730'} | support: 196"
"{'250820', '739630', '976730'} | support: 48"
"{'250820', '976730'} | support: 224"
"{'976730', '730'} | support: 235"
"{'489830', '227300'} | support: 38"
"{'440', '227300'} | support: 39"
"{'359550', '227300'} | support: 40"
"{'548430', '227300'} | support: 42"
"{'1172470', '227300'} | support: 52"
"{'381210', '227300'} | support: 52"
"{'578080', '227300'} | support: 55"
"{'739630', '227300'} | support: 78"
"{'252950', '227300'} | support: 80"
"{'431960', '227300'} | support: 81"
"{'250820', '227300'} | support: 81"
"{'1063730', '227300'} | support: 92"
"{'570', '227300'} | support: 105"
"{'570', '730', '227300'} | support: 45"
"{'271590', '227300'} | support: 168"
"{'271590', '730', '227300'} | support: 43"
"{'730', '227300'} | support: 345"
"{'489830', '960090'} | support: 61"
"{'359550', '960090'} | support: 62"
"{'960090', '271590'} | support: 74"
"{'960090', '250900'} | support: 89"
"{'238960', '960090'} | support: 90"
"{'230410', '960090'} | support: 96"
"{'1085660', '960090'} | support: 101"
"{'960090', '440'} | support: 118"
"{'252950', '960090'} | support: 120"
"{'381210', '960090'} | support: 130"
"{'570', '960090'} | support: 150"
"{'570', '960090', '730'} | support: 42"
"{'250820', '960090'} | support: 160"
"{'960090', '1063730'} | support: 163"
"{'431960', '960090'} | support: 174"
"{'960090', '739630'} | support: 179"
"{'960090', '739630', '730'} | support: 35"
"{'960090', '548430'} | support: 180"
"{'960090', '1172470'} | support: 189"
"{'960090', '730', '1172470'} | support: 42"
"{'960090', '730'} | support: 357"
"{'238960', '578080'} | support: 33"
"{'1085660', '578080'} | support: 41"
"{'250820', '578080'} | support: 55"
"{'381210', '578080'} | support: 79"
"{'739630', '578080'} | support: 93"
"{'739630', '578080', '730'} | support: 34"
"{'359550', '578080'} | support: 101"
"{'359550', '578080', '730'} | support: 35"
"{'431960', '578080'} | support: 117"
"{'431960', '578080', '730'} | support: 35"
"{'578080', '1063730'} | support: 129"
"{'730', '578080', '1063730'} | support: 35"
"{'578080', '271590'} | support: 136"
"{'578080', '730', '271590'} | support: 59"
"{'578080', '1172470'} | support: 137"
"{'578080', '730', '1172470'} | support: 37"
"{'252950', '578080'} | support: 162"
"{'252950', '578080', '730'} | support: 55"
"{'570', '578080'} | support: 298"
"{'570', '578080', '730'} | support: 124"
"{'578080', '730'} | support: 702"
"{'250900', '271590'} | support: 50"
"{'359550', '250900'} | support: 56"
"{'489830', '250900'} | support: 61"
"{'230410', '250900'} | support: 67"
"{'1085660', '250900'} | support: 70"
"{'238960', '250900'} | support: 70"
"{'252950', '250900'} | support: 109"
"{'1063730', '250900'} | support: 111"
"{'440', '250900'} | support: 125"
"{'381210', '250900'} | support: 127"
"{'431960', '250900'} | support: 132"
"{'548430', '250900'} | support: 137"
"{'739630', '250900'} | support: 145"
"{'250900', '1172470'} | support: 151"
"{'250820', '250900'} | support: 162"
"{'570', '250900'} | support: 164"
"{'730', '250900'} | support: 261"
"{'359550', '489830'} | support: 48"
"{'238960', '489830'} | support: 63"
"{'489830', '440'} | support: 66"
"{'489830', '230410'} | support: 69"
"{'489830', '381210'} | support: 73"
"{'252950', '489830'} | support: 75"
"{'489830', '271590'} | support: 98"
"{'489830', '1172470'} | support: 103"
"{'1085660', '489830'} | support: 117"
"{'489830', '570'} | support: 117"
"{'489830', '548430'} | support: 122"
"{'489830', '1063730'} | support: 125"
"{'489830', '739630'} | support: 165"
"{'250820', '489830', '739630'} | support: 40"
"{'250820', '489830'} | support: 173"
"{'431960', '489830'} | support: 174"
"{'489830', '730'} | support: 200"
"{'359550', '238960'} | support: 54"
"{'359550', '230410'} | support: 76"
"{'359550', '440'} | support: 76"
"{'359550', '1085660'} | support: 90"
"{'359550', '548430'} | support: 128"
"{'359550', '250820'} | support: 139"
"{'359550', '250820', '739630'} | support: 34"
"{'359550', '271590'} | support: 150"
"{'359550', '730', '271590'} | support: 47"
"{'359550', '252950'} | support: 160"
"{'359550', '252950', '730'} | support: 45"
"{'359550', '381210'} | support: 171"
"{'359550', '381210', '730'} | support: 34"
"{'359550', '381210', '1172470'} | support: 34"
"{'359550', '1063730'} | support: 171"
"{'359550', '730', '1063730'} | support: 36"
"{'359550', '431960'} | support: 204"
"{'359550', '431960', '1172470'} | support: 37"
"{'359550', '431960', '730'} | support: 56"
"{'359550', '570'} | support: 210"
"{'359550', '570', '1172470'} | support: 36"
"{'359550', '570', '730'} | support: 65"
"{'359550', '739630'} | support: 222"
"{'359550', '739630', '1172470'} | support: 40"
"{'359550', '739630', '730'} | support: 48"
"{'359550', '1172470'} | support: 315"
"{'359550', '730', '1172470'} | support: 80"
"{'359550', '730'} | support: 510"
"{'230410', '271590'} | support: 72"
"{'252950', '230410'} | support: 77"
"{'230410', '440'} | support: 90"
"{'238960', '230410'} | support: 123"
"{'230410', '381210'} | support: 136"
"{'230410', '739630'} | support: 149"
"{'230410', '1063730'} | support: 164"
"{'250820', '230410'} | support: 167"
"{'230410', '570'} | support: 186"
"{'230410', '1172470'} | support: 202"
"{'1085660', '230410', '1172470'} | support: 34"
"{'230410', '730', '1172470'} | support: 37"
"{'431960', '230410'} | support: 203"
"{'230410', '730'} | support: 210"
"{'1085660', '230410'} | support: 225"
"{'230410', '548430'} | support: 243"
"{'238960', '440'} | support: 32"
"{'440', '1063730'} | support: 54"
"{'1085660', '440'} | support: 79"
"{'252950', '440'} | support: 91"
"{'440', '271590'} | support: 93"
"{'381210', '440'} | support: 116"
"{'431960', '440'} | support: 146"
"{'250820', '431960', '440'} | support: 32"
"{'739630', '440'} | support: 148"
"{'250820', '739630', '440'} | support: 44"
"{'440', '1172470'} | support: 186"
"{'250820', '440', '1172470'} | support: 32"
"{'440', '730', '1172470'} | support: 48"
"{'548430', '440'} | support: 215"
"{'250820', '548430', '440'} | support: 33"
"{'250820', '440'} | support: 218"
"{'250820', '440', '730'} | support: 33"
"{'570', '440'} | support: 242"
"{'570', '440', '730'} | support: 117"
"{'440', '730'} | support: 497"
"{'238960', '271590'} | support: 32"
"{'238960', '381210'} | support: 72"
"{'238960', '1085660'} | support: 92"
"{'238960', '250820'} | support: 109"
"{'238960', '431960'} | support: 129"
"{'238960', '252950'} | support: 131"
"{'238960', '548430'} | support: 132"
"{'238960', '739630'} | support: 151"
"{'238960', '1172470'} | support: 177"
"{'238960', '1063730'} | support: 229"
"{'238960', '730'} | support: 270"
"{'238960', '570', '730'} | support: 62"
"{'238960', '570'} | support: 336"
"{'548430', '271590'} | support: 75"
"{'1085660', '271590'} | support: 99"
"{'381210', '271590'} | support: 120"
"{'1172470', '271590'} | support: 166"
"{'730', '1172470', '271590'} | support: 52"
"{'1063730', '271590'} | support: 171"
"{'250820', '271590'} | support: 186"
"{'250820', '739630', '271590'} | support: 35"
"{'739630', '271590'} | support: 216"
"{'739630', '730', '271590'} | support: 38"
"{'431960', '271590'} | support: 217"
"{'431960', '730', '271590'} | support: 59"
"{'252950', '271590'} | support: 232"
"{'252950', '730', '271590'} | support: 60"
"{'570', '271590'} | support: 278"
"{'570', '730', '271590'} | support: 113"
"{'730', '271590'} | support: 775"
"{'1085660', '381210'} | support: 119"
"{'1085660', '252950'} | support: 132"
"{'1085660', '570'} | support: 141"
"{'1085660', '250820'} | support: 229"
"{'1085660', '250820', '548430'} | support: 34"
"{'1085660', '250820', '739630'} | support: 47"
"{'1085660', '739630'} | support: 230"
"{'1085660', '431960'} | support: 239"
"{'1085660', '730'} | support: 246"
"{'1085660', '730', '1172470'} | support: 53"
"{'1085660', '548430'} | support: 282"
"{'1085660', '548430', '1172470'} | support: 36"
"{'1085660', '1063730'} | support: 336"
"{'1085660', '1172470'} | support: 348"
"{'252950', '381210'} | support: 199"
"{'252950', '381210', '730'} | support: 47"
"{'381210', '548430'} | support: 232"
"{'381210', '548430', '1172470'} | support: 32"
"{'739630', '381210', '548430'} | support: 58"
"{'570', '381210'} | support: 257"
"{'570', '381210', '1172470'} | support: 35"
"{'570', '381210', '739630'} | support: 36"
"{'570', '381210', '730'} | support: 61"
"{'381210', '1063730'} | support: 269"
"{'381210', '739630', '1063730'} | support: 55"
"{'431960', '381210'} | support: 276"
"{'250820', '431960', '381210'} | support: 33"
"{'431960', '381210', '730'} | support: 37"
"{'431960', '381210', '1172470'} | support: 42"
"{'431960', '381210', '739630'} | support: 43"
"{'250820', '381210'} | support: 281"
"{'250820', '381210', '1172470'} | support: 38"
"{'250820', '381210', '739630'} | support: 78"
"{'381210', '1172470'} | support: 354"
"{'381210', '730', '1172470'} | support: 53"
"{'381210', '739630', '1172470'} | support: 63"
"{'381210', '730'} | support: 481"
"{'381210', '739630', '730'} | support: 79"
"{'381210', '739630'} | support: 600"
"{'252950', '548430'} | support: 190"
"{'252950', '548430', '730'} | support: 32"
"{'570', '548430'} | support: 226"
"{'431960', '548430'} | support: 237"
"{'431960', '739630', '548430'} | support: 32"
"{'431960', '548430', '1172470'} | support: 35"
"{'250820', '431960', '548430'} | support: 39"
"{'548430', '730'} | support: 257"
"{'548430', '730', '1172470'} | support: 32"
"{'739630', '548430', '730'} | support: 38"
"{'548430', '1063730'} | support: 274"
"{'739630', '548430', '1063730'} | support: 32"
"{'548430', '1172470'} | support: 315"
"{'250820', '548430', '1172470'} | support: 34"
"{'739630', '548430', '1172470'} | support: 39"
"{'250820', '548430'} | support: 352"
"{'250820', '739630', '548430'} | support: 79"
"{'739630', '548430'} | support: 413"
"{'250820', '252950'} | support: 274"
"{'250820', '252950', '730'} | support: 46"
"{'250820', '252950', '739630'} | support: 59"
"{'252950', '570'} | support: 275"
"{'252950', '570', '730'} | support: 93"
"{'252950', '431960'} | support: 282"
"{'252950', '739630', '431960'} | support: 33"
"{'252950', '431960', '1172470'} | support: 37"
"{'252950', '730', '431960'} | support: 72"
"{'252950', '739630'} | support: 364"
"{'252950', '739630', '1172470'} | support: 37"
"{'252950', '739630', '1063730'} | support: 48"
"{'252950', '739630', '730'} | support: 74"
"{'252950', '1172470'} | support: 415"
"{'252950', '1063730', '1172470'} | support: 40"
"{'252950', '730', '1172470'} | support: 105"
"{'252950', '1063730'} | support: 471"
"{'252950', '730', '1063730'} | support: 80"
"{'252950', '730'} | support: 1068"
"{'250820', '570'} | support: 204"
"{'250820', '570', '739630'} | support: 34"
"{'250820', '570', '730'} | support: 37"
"{'250820', '1063730'} | support: 371"
"{'250820', '1063730', '1172470'} | support: 32"
"{'250820', '431960', '1063730'} | support: 32"
"{'250820', '739630', '1063730'} | support: 80"
"{'250820', '1172470'} | support: 388"
"{'250820', '730', '1172470'} | support: 53"
"{'250820', '739630', '1172470'} | support: 68"
"{'250820', '431960', '1172470'} | support: 69"
"{'250820', '730'} | support: 480"
"{'250820', '431960', '730'} | support: 60"
"{'250820', '739630', '730'} | support: 83"
"{'250820', '431960'} | support: 485"
"{'250820', '431960', '739630'} | support: 90"
"{'250820', '739630'} | support: 823"
"{'570', '739630'} | support: 316"
"{'570', '739630', '730'} | support: 76"
"{'431960', '739630'} | support: 399"
"{'431960', '739630', '1063730'} | support: 41"
"{'431960', '739630', '1172470'} | support: 53"
"{'431960', '739630', '730'} | support: 58"
"{'739630', '1172470'} | support: 464"
"{'739630', '1063730', '1172470'} | support: 46"
"{'739630', '730', '1172470'} | support: 75"
"{'739630', '1063730'} | support: 497"
"{'739630', '730', '1063730'} | support: 53"
"{'739630', '730'} | support: 732"
"{'431960', '1063730'} | support: 400"
"{'431960', '1063730', '1172470'} | support: 54"
"{'431960', '730', '1063730'} | support: 59"
"{'431960', '570'} | support: 431"
"{'431960', '570', '1172470'} | support: 54"
"{'431960', '570', '730'} | support: 87"
"{'431960', '1172470'} | support: 536"
"{'431960', '730', '1172470'} | support: 104"
"{'431960', '730'} | support: 804"
"{'1063730', '1172470'} | support: 489"
"{'570', '1063730', '1172470'} | support: 45"
"{'730', '1063730', '1172470'} | support: 70"
"{'570', '1172470'} | support: 597"
"{'570', '730', '1172470'} | support: 171"
"{'730', '1172470'} | support: 1095"
"{'570', '1063730'} | support: 382"
"{'570', '730', '1063730'} | support: 81"
"{'730', '1063730'} | support: 855"
"{'570', '730'} | support: 2471"
