 {'250820',  '611670'} , support:  54 
 {'1384160',  '348550'} , support:  32 
 {'632360',  '248820'} , support:  32 
 {'739630',  '1618540'} , support:  38 
 {'250820',  '1494460'} , support:  59 
 {'692890',  '548430'} , support:  33 
 {'293760',  '284160'} , support:  49 
 {'250820',  '689580'} , support:  79 
 {'1173510',  '1009850'} , support:  70 
 {'438100',  '1173510',  '1009850'} , support:  67 
 {'438100',  '1173510',  '1009850',  '250820'} , support:  67 
 {'250820',  '1173510',  '1009850'} , support:  70 
 {'438100',  '1173510'} , support:  81 
 {'438100',  '1173510',  '250820'} , support:  81 
 {'250820',  '1173510'} , support:  91 
 {'1840',  '440'} , support:  33 
 {'730',  '397900'} , support:  43 
 {'250820',  '823500'} , support:  103 
 {'223750',  '250820'} , support:  32 
 {'730',  '42700'} , support:  34 
 {'42960',  '236850'} , support:  44 
 {'42960',  '394360'} , support:  61 
 {'730',  '10190'} , support:  34 
 {'730',  '386180'} , support:  34 
 {'1329410',  '570'} , support:  52 
 {'228200',  '231430'} , support:  32 
 {'730',  '220'} , support:  34 
 {'1372280',  '1384160'} , support:  51 
 {'730',  '761890'} , support:  34 
 {'908520',  '1009850'} , support:  32 
 {'908520',  '1009850',  '250820'} , support:  32 
 {'908520',  '438100'} , support:  37 
 {'908520',  '250820',  '438100'} , support:  37 
 {'620980',  '908520'} , support:  40 
 {'620980',  '908520',  '250820'} , support:  40 
 {'908520',  '250820'} , support:  158 
 {'363970',  '730'} , support:  38 
 {'730',  '571740'} , support:  46 
 {'214950',  '325610'} , support:  40 
 {'394360',  '251060'} , support:  36 
 {'236390',  '251060'} , support:  45 
 {'730',  '635260'} , support:  41 
 {'244450',  '236390'} , support:  37 
 {'244450',  '394360'} , support:  40 
 {'730',  '1203220'} , support:  32 
 {'730',  '824270'} , support:  51 
 {'1172470',  '824270'} , support:  62 
 {'22330',  '489830'} , support:  62 
 {'739630',  '493520'} , support:  34 
 {'548430',  '493520'} , support:  35 
 {'200210',  '730'} , support:  34 
 {'322170',  '730'} , support:  82 
 {'1240440',  '1085660'} , support:  39 
 {'1240440',  '976730'} , support:  44 
 {'394690',  '440'} , support:  32 
 {'394690',  '548430'} , support:  33 
 {'739630',  '394690'} , support:  34 
 {'394690',  '4000'} , support:  35 
 {'394690',  '250820'} , support:  45 
 {'620980',  '546560'} , support:  45 
 {'620980',  '250820',  '546560'} , support:  45 
 {'250820',  '546560'} , support:  197 
 {'211420',  '374320'} , support:  41 
 {'227300',  '1190000'} , support:  35 
 {'12120',  '730'} , support:  48 
 {'730',  '1782210'} , support:  53 
 {'739630',  '880940'} , support:  42 
 {'730',  '880940'} , support:  61 
 {'310950',  '1384160'} , support:  43 
 {'250820',  '264710'} , support:  37 
 {'730',  '504370'} , support:  33 
 {'504370',  '570'} , support:  39 
 {'730',  '1238840'} , support:  35 
 {'444200',  '570'} , support:  39 
 {'444200',  '730'} , support:  67 
 {'730',  '221380'} , support:  42 
 {'34330',  '594570'} , support:  34 
 {'34330',  '394360'} , support:  36 
 {'250820',  '753640'} , support:  35 
 {'739630',  '700330'} , support:  34 
 {'4000',  '700330'} , support:  37 
 {'730',  '700330'} , support:  71 
 {'730',  '1080110'} , support:  48 
 {'311690',  '250900'} , support:  38 
 {'311690',  '730'} , support:  39 
 {'620980',  '450540'} , support:  33 
 {'620980',  '250820',  '450540'} , support:  33 
 {'548430',  '450540'} , support:  35 
 {'250820',  '548430',  '450540'} , support:  35 
 {'438100',  '450540'} , support:  45 
 {'438100',  '250820',  '450540'} , support:  45 
 {'555160',  '450540'} , support:  46 
 {'250820',  '555160',  '450540'} , support:  46 
 {'629730',  '450540'} , support:  71 
 {'629730',  '250820',  '450540'} , support:  71 
 {'250820',  '450540'} , support:  248 
 {'730',  '552520'} , support:  38 
 {'976310',  '570'} , support:  36 
 {'730',  '976310'} , support:  50 
 {'1158310',  '203770'} , support:  53 
 {'394360',  '203770'} , support:  54 
 {'236850',  '203770'} , support:  57 
 {'739630',  '1068820'} , support:  38 
 {'739630',  '250820',  '1068820'} , support:  38 
 {'620980',  '1068820'} , support:  45 
 {'620980',  '250820',  '1068820'} , support:  45 
 {'1068820',  '1009850'} , support:  151 
 {'438100',  '1068820',  '1009850'} , support:  132 
 {'438100',  '1068820',  '1009850',  '250820'} , support:  132 
 {'250820',  '1068820',  '1009850'} , support:  151 
 {'438100',  '1068820'} , support:  179 
 {'438100',  '1068820',  '250820'} , support:  179 
 {'250820',  '1068820'} , support:  255 
 {'730',  '805550'} , support:  39 
 {'805550',  '1134570'} , support:  41 
 {'805550',  '244210'} , support:  77 
 {'780310',  '548430'} , support:  36 
 {'690790',  '250820'} , support:  37 
 {'690790',  '244210'} , support:  54 
 {'730',  '690790'} , support:  54 
 {'250820',  '1118200'} , support:  50 
 {'730',  '1118200'} , support:  56 
 {'4000',  '1118200'} , support:  57 
 {'730',  '218230'} , support:  34 
 {'730',  '1313860'} , support:  79 
 {'581320',  '418460'} , support:  36 
 {'107410',  '418460'} , support:  39 
 {'236390',  '418460'} , support:  45 
 {'730',  '418460'} , support:  57 
 {'1267910',  '1063730'} , support:  33 
 {'730',  '513710'} , support:  32 
 {'1063730',  '513710'} , support:  34 
 {'594650',  '1600360'} , support:  37 
 {'1600360',  '1172470'} , support:  38 
 {'1063730',  '1600360'} , support:  39 
 {'730',  '1600360'} , support:  42 
 {'730',  '379430'} , support:  35 
 {'739630',  '621060'} , support:  32 
 {'294100',  '233860'} , support:  50 
 {'228380',  '252950'} , support:  37 
 {'730',  '228380'} , support:  52 
 {'1172470',  '1049590'} , support:  51 
 {'440900',  '1063730'} , support:  33 
 {'1366540',  '427520'} , support:  34 
 {'105600',  '211820'} , support:  45 
 {'739630',  '527230'} , support:  35 
 {'527230',  '548430'} , support:  40 
 {'214950',  '394360'} , support:  34 
 {'730',  '214950'} , support:  38 
 {'214950',  '261550'} , support:  46 
 {'214950',  '594570'} , support:  52 
 {'1063730',  '780290'} , support:  32 
 {'286160',  '780290'} , support:  32 
 {'780290',  '548430'} , support:  39 
 {'730',  '1263850'} , support:  38 
 {'1569040',  '1263850'} , support:  63 
 {'730',  '814380'} , support:  38 
 {'814380',  '374320'} , support:  57 
 {'466560',  '570'} , support:  32 
 {'466560',  '548430'} , support:  36 
 {'367520',  '250900'} , support:  36 
 {'730',  '1046930'} , support:  78 
 {'730',  '1046930',  '570'} , support:  52 
 {'1046930',  '570'} , support:  187 
 {'250820',  '304390'} , support:  33 
 {'1172470',  '304390'} , support:  35 
 {'730',  '304390'} , support:  40 
 {'739630',  '304390'} , support:  43 
 {'381210',  '304390'} , support:  49 
 {'221680',  '250820'} , support:  35 
 {'730',  '221680'} , support:  37 
 {'730',  '12210'} , support:  52 
 {'271590',  '12210'} , support:  57 
 {'730',  '1238860'} , support:  75 
 {'1063730',  '469600'} , support:  34 
 {'570',  '469600'} , support:  37 
 {'730',  '469600'} , support:  40 
 {'555160',  '431960'} , support:  37 
 {'250820',  '555160',  '431960'} , support:  37 
 {'555160',  '1009850'} , support:  48 
 {'438100',  '555160',  '1009850'} , support:  33 
 {'438100',  '555160',  '1009850',  '250820'} , support:  33 
 {'250820',  '555160',  '1009850'} , support:  48 
 {'730',  '555160'} , support:  50 
 {'730',  '555160',  '250820'} , support:  48 
 {'620980',  '555160'} , support:  55 
 {'620980',  '250820',  '555160'} , support:  55 
 {'739630',  '555160'} , support:  68 
 {'739630',  '250820',  '555160'} , support:  68 
 {'438100',  '555160'} , support:  72 
 {'438100',  '555160',  '250820'} , support:  72 
 {'629730',  '555160'} , support:  88 
 {'629730',  '250820',  '555160'} , support:  88 
 {'250820',  '555160'} , support:  343 
 {'252950',  '477160'} , support:  35 
 {'477160',  '548430'} , support:  43 
 {'730',  '477160'} , support:  50 
 {'739630',  '477160'} , support:  51 
 {'1250410',  '250820'} , support:  52 
 {'1124300',  '1158310'} , support:  32 
 {'1124300',  '281990'} , support:  35 
 {'1124300',  '1063730'} , support:  35 
 {'1124300',  '289070'} , support:  37 
 {'220200',  '250820'} , support:  41 
 {'739630',  '311210'} , support:  36 
 {'311210',  '1172470'} , support:  36 
 {'311210',  '431960'} , support:  41 
 {'311210',  '250820'} , support:  54 
 {'730',  '311210'} , support:  67 
 {'739630',  '613100'} , support:  52 
 {'48700',  '730'} , support:  56 
 {'48700',  '261550'} , support:  67 
 {'730',  '620'} , support:  70 
 {'1506830',  '252950'} , support:  52 
 {'730',  '1506830'} , support:  107 
 {'582660',  '1172470'} , support:  34 
 {'230410',  '582660'} , support:  34 
 {'1063730',  '582660'} , support:  39 
 {'730',  '582660'} , support:  44 
 {'730',  '518790'} , support:  50 
 {'219990',  '548430'} , support:  41 
 {'739630',  '714010'} , support:  32 
 {'714010',  '431960'} , support:  33 
 {'1063730',  '714010'} , support:  34 
 {'714010',  '1172470'} , support:  109 
 {'730',  '714010',  '1172470'} , support:  32 
 {'730',  '714010'} , support:  136 
 {'212680',  '250900'} , support:  33 
 {'730',  '212680'} , support:  34 
 {'212680',  '548430'} , support:  34 
 {'1063730',  '1623660'} , support:  33 
 {'1623660',  '570'} , support:  52 
 {'730',  '1623660'} , support:  74 
 {'730',  '1286830'} , support:  37 
 {'739630',  '335300'} , support:  32 
 {'335300',  '548430'} , support:  32 
 {'335300',  '570'} , support:  33 
 {'1172470',  '335300'} , support:  37 
 {'730',  '335300'} , support:  39 
 {'335300',  '570940'} , support:  63 
 {'335300',  '374320'} , support:  119 
 {'629760',  '1063730'} , support:  33 
 {'629760',  '594650'} , support:  33 
 {'629760',  '570'} , support:  36 
 {'629760',  '548430'} , support:  41 
 {'629760',  '739630'} , support:  43 
 {'629760',  '250820'} , support:  47 
 {'629760',  '730'} , support:  92 
 {'648800',  '548430'} , support:  36 
 {'648800',  '739630'} , support:  52 
 {'648800',  '730'} , support:  66 
 {'739630',  '570940'} , support:  33 
 {'250820',  '570940'} , support:  36 
 {'431960',  '570940'} , support:  38 
 {'730',  '570940'} , support:  47 
 {'374320',  '570940'} , support:  110 
 {'570',  '1238810'} , support:  32 
 {'431960',  '1238810'} , support:  36 
 {'1172470',  '1238810'} , support:  41 
 {'730',  '1238810'} , support:  96 
 {'244850',  '236390'} , support:  32 
 {'739630',  '244850'} , support:  35 
 {'730',  '244850'} , support:  38 
 {'244850',  '250820'} , support:  49 
 {'550',  '240'} , support:  39 
 {'4000',  '240'} , support:  54 
 {'730',  '4000',  '240'} , support:  33 
 {'240',  '440'} , support:  55 
 {'730',  '240'} , support:  195 
 {'1343400',  '431960'} , support:  35 
 {'1343400',  '1063730'} , support:  39 
 {'1343400',  '730'} , support:  48 
 {'1088850',  '1172470'} , support:  33 
 {'1088850',  '739630'} , support:  36 
 {'1088850',  '431960'} , support:  36 
 {'1088850',  '1085660'} , support:  37 
 {'1088850',  '250820'} , support:  39 
 {'1088850',  '1063730'} , support:  45 
 {'629730',  '548430'} , support:  37 
 {'629730',  '250820',  '548430'} , support:  35 
 {'629730',  '730'} , support:  40 
 {'629730',  '730',  '250820'} , support:  35 
 {'629730',  '438100'} , support:  50 
 {'629730',  '438100',  '250820'} , support:  50 
 {'629730',  '431960'} , support:  54 
 {'629730',  '250820',  '431960'} , support:  52 
 {'629730',  '739630'} , support:  67 
 {'629730',  '739630',  '250820'} , support:  66 
 {'629730',  '620980'} , support:  72 
 {'629730',  '620980',  '250820'} , support:  71 
 {'629730',  '250820'} , support:  445 
 {'381210',  '242760'} , support:  44 
 {'739630',  '242760'} , support:  47 
 {'242760',  '250820'} , support:  56 
 {'730',  '242760'} , support:  106 
 {'431240',  '945360'} , support:  33 
 {'431240',  '548430'} , support:  34 
 {'431240',  '1172470'} , support:  34 
 {'250820',  '431240'} , support:  52 
 {'739630',  '431240'} , support:  65 
 {'431240',  '252950'} , support:  67 
 {'730',  '431240'} , support:  90 
 {'440',  '304930'} , support:  60 
 {'730',  '304930'} , support:  80 
 {'218620',  '304930'} , support:  222 
 {'1714040',  '252950'} , support:  32 
 {'1714040',  '1172470'} , support:  32 
 {'1714040',  '646570'} , support:  35 
 {'1714040',  '570'} , support:  43 
 {'730',  '1714040'} , support:  47 
 {'1714040',  '250900'} , support:  48 
 {'4000',  '365670'} , support:  33 
 {'365670',  '431960'} , support:  40 
 {'1172470',  '365670'} , support:  40 
 {'365670',  '570'} , support:  51 
 {'730',  '365670'} , support:  53 
 {'438100',  '365670'} , support:  62 
 {'438100',  '365670',  '250820'} , support:  51 
 {'250820',  '365670'} , support:  96 
 {'381210',  '1009850'} , support:  41 
 {'381210',  '438100',  '1009850'} , support:  37 
 {'381210',  '438100',  '1009850',  '250820'} , support:  37 
 {'381210',  '250820',  '1009850'} , support:  41 
 {'730',  '1009850'} , support:  42 
 {'730',  '1009850',  '438100'} , support:  39 
 {'250820',  '730',  '1009850',  '438100'} , support:  39 
 {'730',  '1009850',  '250820'} , support:  42 
 {'1009850',  '548430'} , support:  42 
 {'438100',  '1009850',  '548430'} , support:  36 
 {'438100',  '1009850',  '250820',  '548430'} , support:  36 
 {'250820',  '1009850',  '548430'} , support:  42 
 {'1172470',  '1009850'} , support:  50 
 {'438100',  '1172470',  '1009850'} , support:  41 
 {'438100',  '1172470',  '1009850',  '250820'} , support:  41 
 {'250820',  '1172470',  '1009850'} , support:  50 
 {'629520',  '1009850'} , support:  51 
 {'438100',  '629520',  '1009850'} , support:  48 
 {'438100',  '629520',  '1009850',  '250820'} , support:  48 
 {'250820',  '629520',  '1009850'} , support:  51 
 {'1009850',  '431960'} , support:  56 
 {'438100',  '1009850',  '431960'} , support:  40 
 {'438100',  '1009850',  '250820',  '431960'} , support:  40 
 {'250820',  '1009850',  '431960'} , support:  56 
 {'620980',  '1009850'} , support:  76 
 {'620980',  '438100',  '1009850'} , support:  52 
 {'620980',  '438100',  '1009850',  '250820'} , support:  52 
 {'620980',  '250820',  '1009850'} , support:  76 
 {'739630',  '1009850'} , support:  78 
 {'739630',  '438100',  '1009850'} , support:  62 
 {'739630',  '438100',  '1009850',  '250820'} , support:  62 
 {'739630',  '250820',  '1009850'} , support:  78 
 {'438100',  '1009850'} , support:  405 
 {'438100',  '1009850',  '250820'} , support:  405 
 {'250820',  '1009850'} , support:  488 
 {'1569040',  '1063730'} , support:  33 
 {'1569040',  '730'} , support:  55 
 {'1063730',  '359320'} , support:  35 
 {'730',  '359320'} , support:  36 
 {'359320',  '548430'} , support:  38 
 {'250820',  '359320'} , support:  77 
 {'739630',  '677620'} , support:  33 
 {'1063730',  '677620'} , support:  36 
 {'250820',  '677620'} , support:  37 
 {'252950',  '677620'} , support:  50 
 {'1172470',  '677620'} , support:  54 
 {'730',  '677620'} , support:  67 
 {'250820',  '389730'} , support:  34 
 {'431960',  '389730'} , support:  43 
 {'1384160',  '389730'} , support:  45 
 {'1172470',  '389730'} , support:  50 
 {'570',  '389730'} , support:  57 
 {'730',  '389730'} , support:  81 
 {'881100',  '294100'} , support:  32 
 {'881100',  '431960'} , support:  34 
 {'881100',  '105600'} , support:  36 
 {'632360',  '881100'} , support:  41 
 {'881100',  '730'} , support:  45 
 {'881100',  '250900'} , support:  48 
 {'881100',  '250820'} , support:  49 
 {'881100',  '548430'} , support:  53 
 {'1134570',  '1551360'} , support:  35 
 {'1134570',  '227300'} , support:  39 
 {'1063730',  '1134570'} , support:  41 
 {'1134570',  '244210'} , support:  49 
 {'1134570',  '252950'} , support:  68 
 {'730',  '1134570'} , support:  102 
 {'250820',  '1293830'} , support:  33 
 {'271590',  '1293830'} , support:  39 
 {'227300',  '1293830'} , support:  42 
 {'431960',  '1293830'} , support:  44 
 {'1172470',  '1293830'} , support:  44 
 {'570',  '1293830'} , support:  64 
 {'1551360',  '1293830'} , support:  78 
 {'730',  '1293830'} , support:  114 
 {'1172470',  '1086940'} , support:  32 
 {'1086940',  '594570'} , support:  32 
 {'1086940',  '548430'} , support:  35 
 {'250820',  '1086940'} , support:  39 
 {'1086940',  '570'} , support:  40 
 {'739630',  '1086940'} , support:  51 
 {'435150',  '1086940'} , support:  54 
 {'1063730',  '1086940'} , support:  57 
 {'570',  '10'} , support:  110 
 {'730',  '570',  '10'} , support:  61 
 {'730',  '10'} , support:  251 
 {'4000',  '284160'} , support:  32 
 {'284160',  '1551360'} , support:  33 
 {'236390',  '284160'} , support:  36 
 {'284160',  '431960'} , support:  36 
 {'252950',  '284160'} , support:  38 
 {'739630',  '284160'} , support:  40 
 {'284160',  '227300'} , support:  51 
 {'284160',  '244210'} , support:  58 
 {'250820',  '284160'} , support:  60 
 {'271590',  '284160'} , support:  75 
 {'730',  '284160'} , support:  84 
 {'239140',  '1172470'} , support:  32 
 {'239140',  '489830'} , support:  32 
 {'230410',  '239140'} , support:  34 
 {'239140',  '250820'} , support:  34 
 {'239140',  '548430'} , support:  37 
 {'239140',  '570'} , support:  41 
 {'271590',  '239140'} , support:  42 
 {'381210',  '239140'} , support:  42 
 {'739630',  '239140'} , support:  46 
 {'730',  '239140'} , support:  109 
 {'632360',  '1384160'} , support:  34 
 {'739630',  '1384160'} , support:  35 
 {'39210',  '1384160'} , support:  40 
 {'1384160',  '431960'} , support:  42 
 {'1384160',  '570'} , support:  45 
 {'730',  '1384160'} , support:  46 
 {'1384160',  '548430'} , support:  48 
 {'1384160',  '1172470'} , support:  76 
 {'49520',  '252950'} , support:  33 
 {'49520',  '440'} , support:  33 
 {'49520',  '570'} , support:  34 
 {'49520',  '250820'} , support:  34 
 {'230410',  '49520'} , support:  37 
 {'49520',  '1085660'} , support:  40 
 {'49520',  '548430'} , support:  42 
 {'49520',  '431960'} , support:  43 
 {'739630',  '49520'} , support:  44 
 {'49520',  '1172470'} , support:  46 
 {'49520',  '397540'} , support:  46 
 {'730',  '49520'} , support:  75 
 {'252950',  '1217060'} , support:  33 
 {'1085660',  '1217060'} , support:  37 
 {'250900',  '1217060'} , support:  39 
 {'570',  '1217060'} , support:  40 
 {'960090',  '1217060'} , support:  49 
 {'730',  '1217060'} , support:  52 
 {'1063730',  '1217060'} , support:  53 
 {'1172470',  '1217060'} , support:  56 
 {'250820',  '1217060'} , support:  60 
 {'632360',  '1217060'} , support:  62 
 {'739630',  '1217060'} , support:  66 
 {'548430',  '1217060'} , support:  92 
 {'231430',  '107410'} , support:  34 
 {'686810',  '231430'} , support:  37 
 {'231430',  '570'} , support:  37 
 {'231430',  '548430'} , support:  41 
 {'231430',  '431960'} , support:  43 
 {'236390',  '231430'} , support:  64 
 {'231430',  '394360'} , support:  69 
 {'730',  '231430'} , support:  74 
 {'236390',  '787860'} , support:  35 
 {'271590',  '787860'} , support:  42 
 {'730',  '787860'} , support:  43 
 {'270880',  '787860'} , support:  52 
 {'227300',  '787860'} , support:  114 
 {'108600',  '602960'} , support:  35 
 {'108600',  '221100'} , support:  35 
 {'381210',  '108600'} , support:  36 
 {'108600',  '548430'} , support:  42 
 {'108600',  '570'} , support:  51 
 {'108600',  '730'} , support:  60 
 {'108600',  '250820'} , support:  61 
 {'108600',  '739630'} , support:  64 
 {'108600',  '294100'} , support:  64 
 {'444090',  '570'} , support:  34 
 {'386360',  '444090'} , support:  40 
 {'230410',  '444090'} , support:  40 
 {'444090',  '548430'} , support:  41 
 {'739630',  '444090'} , support:  43 
 {'252950',  '444090'} , support:  44 
 {'381210',  '444090'} , support:  45 
 {'444090',  '440'} , support:  47 
 {'250820',  '444090'} , support:  48 
 {'431960',  '444090'} , support:  57 
 {'1172470',  '444090'} , support:  68 
 {'730',  '444090'} , support:  101 
 {'72850',  '548430'} , support:  33 
 {'250820',  '72850'} , support:  37 
 {'431960',  '72850'} , support:  41 
 {'377160',  '72850'} , support:  42 
 {'72850',  '570'} , support:  49 
 {'730',  '72850'} , support:  71 
 {'72850',  '489830'} , support:  73 
 {'22380',  '960090'} , support:  32 
 {'22380',  '4000'} , support:  33 
 {'22380',  '548430'} , support:  33 
 {'739630',  '22380'} , support:  35 
 {'22380',  '394360'} , support:  37 
 {'22380',  '976730'} , support:  41 
 {'22380',  '440'} , support:  49 
 {'250820',  '22380'} , support:  52 
 {'730',  '22380'} , support:  57 
 {'22380',  '489830'} , support:  70 
 {'377160',  '22380'} , support:  98 
 {'4000',  '1281930'} , support:  35 
 {'1281930',  '1085660'} , support:  37 
 {'1281930',  '570'} , support:  40 
 {'1172470',  '1281930'} , support:  42 
 {'230410',  '1281930'} , support:  42 
 {'739630',  '1281930'} , support:  43 
 {'960090',  '1281930'} , support:  46 
 {'1281930',  '250900'} , support:  50 
 {'1281930',  '440'} , support:  50 
 {'431960',  '1281930'} , support:  50 
 {'632360',  '1281930'} , support:  53 
 {'250820',  '1281930'} , support:  55 
 {'1281930',  '548430'} , support:  62 
 {'730',  '1281930'} , support:  67 
 {'105600',  '1281930'} , support:  211 
 {'397540',  '1085660'} , support:  35 
 {'739630',  '397540'} , support:  35 
 {'381210',  '397540'} , support:  36 
 {'632360',  '397540'} , support:  37 
 {'397540',  '489830'} , support:  37 
 {'250820',  '397540'} , support:  45 
 {'397540',  '570'} , support:  46 
 {'431960',  '397540'} , support:  46 
 {'1172470',  '397540'} , support:  55 
 {'730',  '397540'} , support:  59 
 {'397540',  '548430'} , support:  66 
 {'1151340',  '431960'} , support:  35 
 {'1151340',  '271590'} , support:  36 
 {'1151340',  '570'} , support:  39 
 {'1151340',  '1063730'} , support:  39 
 {'1151340',  '1172470'} , support:  40 
 {'230410',  '1151340'} , support:  41 
 {'1151340',  '739630'} , support:  44 
 {'1151340',  '1085660'} , support:  44 
 {'1151340',  '730'} , support:  45 
 {'1151340',  '489830'} , support:  48 
 {'1151340',  '250820'} , support:  50 
 {'1151340',  '548430'} , support:  54 
 {'377160',  '1151340'} , support:  60 
 {'1517290',  '570'} , support:  34 
 {'1517290',  '924970'} , support:  35 
 {'739630',  '1517290'} , support:  38 
 {'1517290',  '548430'} , support:  40 
 {'1517290',  '1085660'} , support:  43 
 {'1551360',  '1517290'} , support:  45 
 {'252950',  '1517290'} , support:  45 
 {'250820',  '1517290'} , support:  53 
 {'1517290',  '431960'} , support:  78 
 {'1172470',  '1517290'} , support:  80 
 {'1063730',  '1517290'} , support:  89 
 {'730',  '1517290'} , support:  92 
 {'431960',  '244210'} , support:  32 
 {'1551360',  '244210'} , support:  32 
 {'271590',  '244210'} , support:  41 
 {'252950',  '244210'} , support:  52 
 {'227300',  '244210'} , support:  76 
 {'250820',  '244210'} , support:  97 
 {'730',  '244210'} , support:  133 
 {'782330',  '1085660'} , support:  32 
 {'381210',  '782330'} , support:  35 
 {'782330',  '489830'} , support:  36 
 {'782330',  '440'} , support:  36 
 {'782330',  '570'} , support:  37 
 {'739630',  '782330'} , support:  51 
 {'782330',  '431960'} , support:  51 
 {'782330',  '1172470'} , support:  55 
 {'782330',  '548430'} , support:  55 
 {'782330',  '250820'} , support:  68 
 {'730',  '782330'} , support:  69 
 {'782330',  '976730'} , support:  72 
 {'632360',  '232090'} , support:  32 
 {'1063730',  '232090'} , support:  34 
 {'230410',  '232090'} , support:  34 
 {'594650',  '232090'} , support:  36 
 {'232090',  '218620'} , support:  40 
 {'232090',  '570'} , support:  45 
 {'232090',  '431960'} , support:  51 
 {'550',  '232090'} , support:  52 
 {'381210',  '232090'} , support:  57 
 {'1172470',  '232090'} , support:  58 
 {'250820',  '232090'} , support:  59 
 {'232090',  '440'} , support:  59 
 {'739630',  '232090'} , support:  66 
 {'232090',  '548430'} , support:  86 
 {'730',  '232090'} , support:  101 
 {'686810',  '221100'} , support:  34 
 {'686810',  '976730'} , support:  35 
 {'594650',  '686810'} , support:  37 
 {'686810',  '250820'} , support:  37 
 {'686810',  '252950'} , support:  39 
 {'686810',  '261550'} , support:  39 
 {'686810',  '431960'} , support:  43 
 {'686810',  '394360'} , support:  44 
 {'581320',  '686810'} , support:  46 
 {'686810',  '107410'} , support:  46 
 {'686810',  '548430'} , support:  47 
 {'739630',  '686810'} , support:  52 
 {'1063730',  '686810'} , support:  52 
 {'686810',  '393380'} , support:  76 
 {'686810',  '236390'} , support:  79 
 {'730',  '686810'} , support:  83 
 {'1092790',  '730'} , support:  32 
 {'1092790',  '286160'} , support:  34 
 {'1092790',  '646570'} , support:  36 
 {'1092790',  '1063730'} , support:  40 
 {'1092790',  '1172470'} , support:  41 
 {'381210',  '1092790'} , support:  43 
 {'1092790',  '739630'} , support:  60 
 {'1092790',  '250900'} , support:  64 
 {'1092790',  '548430'} , support:  70 
 {'1092790',  '250820'} , support:  73 
 {'393380',  '1172470'} , support:  32 
 {'393380',  '261550'} , support:  33 
 {'594650',  '393380'} , support:  33 
 {'393380',  '431960'} , support:  39 
 {'393380',  '359550'} , support:  41 
 {'393380',  '252950'} , support:  44 
 {'393380',  '394360'} , support:  45 
 {'393380',  '221100'} , support:  47 
 {'393380',  '570'} , support:  49 
 {'739630',  '393380'} , support:  50 
 {'393380',  '250820'} , support:  53 
 {'1063730',  '393380'} , support:  56 
 {'581320',  '393380'} , support:  61 
 {'393380',  '107410'} , support:  89 
 {'393380',  '236390'} , support:  101 
 {'730',  '393380'} , support:  122 
 {'281990',  '602960'} , support:  32 
 {'1063730',  '602960'} , support:  34 
 {'4000',  '602960'} , support:  34 
 {'602960',  '976730'} , support:  35 
 {'230410',  '602960'} , support:  38 
 {'394360',  '602960'} , support:  41 
 {'286160',  '602960'} , support:  43 
 {'294100',  '602960'} , support:  43 
 {'602960',  '431960'} , support:  45 
 {'381210',  '602960'} , support:  46 
 {'107410',  '602960'} , support:  48 
 {'594650',  '602960'} , support:  48 
 {'236390',  '602960'} , support:  56 
 {'1172470',  '602960'} , support:  57 
 {'602960',  '570'} , support:  65 
 {'250820',  '602960'} , support:  70 
 {'730',  '602960'} , support:  71 
 {'739630',  '602960'} , support:  96 
 {'602960',  '548430'} , support:  137 
 {'739630',  '813780'} , support:  34 
 {'813780',  '570'} , support:  39 
 {'1063730',  '813780'} , support:  45 
 {'1466860',  '813780'} , support:  74 
 {'730',  '813780'} , support:  122 
 {'250820',  '480'} , support:  32 
 {'252950',  '480'} , support:  36 
 {'4000',  '480'} , support:  40 
 {'359550',  '480'} , support:  40 
 {'480',  '431960'} , support:  44 
 {'1172470',  '480'} , support:  52 
 {'739630',  '480'} , support:  65 
 {'480',  '570'} , support:  121 
 {'730',  '480',  '570'} , support:  35 
 {'730',  '480'} , support:  178 
 {'270880',  '250820'} , support:  40 
 {'270880',  '730'} , support:  49 
 {'270880',  '271590'} , support:  59 
 {'270880',  '227300'} , support:  270 
 {'306130',  '1172470'} , support:  32 
 {'739630',  '306130'} , support:  34 
 {'377160',  '306130'} , support:  36 
 {'230410',  '306130'} , support:  41 
 {'306130',  '1085660'} , support:  44 
 {'306130',  '570'} , support:  50 
 {'1063730',  '306130'} , support:  58 
 {'730',  '306130'} , support:  66 
 {'306130',  '489830'} , support:  78 
 {'8930',  '960090'} , support:  33 
 {'8930',  '489830'} , support:  34 
 {'739630',  '8930'} , support:  36 
 {'250820',  '8930'} , support:  38 
 {'8930',  '440'} , support:  38 
 {'8930',  '252950'} , support:  41 
 {'8930',  '394360'} , support:  43 
 {'8930',  '570'} , support:  55 
 {'289070',  '8930'} , support:  80 
 {'730',  '8930'} , support:  108 
 {'322330',  '250820'} , support:  32 
 {'322330',  '960090'} , support:  36 
 {'322330',  '431960'} , support:  37 
 {'322330',  '1063730'} , support:  40 
 {'322330',  '230410'} , support:  41 
 {'322330',  '1172470'} , support:  45 
 {'322330',  '250900'} , support:  51 
 {'322330',  '105600'} , support:  54 
 {'322330',  '548430'} , support:  55 
 {'322330',  '440'} , support:  55 
 {'322330',  '739630'} , support:  58 
 {'322330',  '381210'} , support:  74 
 {'322330',  '570'} , support:  74 
 {'322330',  '730'} , support:  128 
 {'230410',  '291550'} , support:  32 
 {'4000',  '291550'} , support:  34 
 {'359550',  '291550'} , support:  35 
 {'1063730',  '291550'} , support:  38 
 {'105600',  '291550'} , support:  38 
 {'945360',  '291550'} , support:  38 
 {'440',  '291550'} , support:  40 
 {'960090',  '291550'} , support:  44 
 {'381210',  '291550'} , support:  58 
 {'739630',  '291550'} , support:  59 
 {'431960',  '291550'} , support:  62 
 {'570',  '291550'} , support:  66 
 {'1172470',  '291550'} , support:  71 
 {'252950',  '291550'} , support:  101 
 {'730',  '291550'} , support:  193 
 {'594650',  '629520'} , support:  32 
 {'629520',  '236390'} , support:  34 
 {'629520',  '1085660'} , support:  35 
 {'629520',  '221100'} , support:  37 
 {'252490',  '629520'} , support:  44 
 {'359550',  '629520'} , support:  48 
 {'629520',  '440'} , support:  49 
 {'629520',  '252950'} , support:  53 
 {'629520',  '218'} , support:  59 
 {'1063730',  '629520'} , support:  64 
 {'629520',  '1172470'} , support:  66 
 {'271590',  '629520'} , support:  67 
 {'629520',  '548430'} , support:  67 
 {'381210',  '629520'} , support:  68 
 {'629520',  '4000'} , support:  72 
 {'438100',  '629520'} , support:  84 
 {'438100',  '629520',  '250820'} , support:  74 
 {'629520',  '431960'} , support:  86 
 {'739630',  '629520'} , support:  118 
 {'250820',  '629520'} , support:  119 
 {'629520',  '570'} , support:  120 
 {'730',  '629520',  '570'} , support:  37 
 {'730',  '629520'} , support:  182 
 {'581320',  '1085660'} , support:  33 
 {'581320',  '4000'} , support:  33 
 {'581320',  '252950'} , support:  34 
 {'581320',  '570'} , support:  35 
 {'581320',  '394360'} , support:  36 
 {'581320',  '550'} , support:  37 
 {'581320',  '271590'} , support:  40 
 {'581320',  '1063730'} , support:  42 
 {'581320',  '431960'} , support:  48 
 {'581320',  '359550'} , support:  49 
 {'581320',  '976730'} , support:  50 
 {'581320',  '739630'} , support:  54 
 {'581320',  '1172470'} , support:  54 
 {'594650',  '581320'} , support:  58 
 {'581320',  '107410'} , support:  60 
 {'581320',  '548430'} , support:  65 
 {'581320',  '236390'} , support:  75 
 {'581320',  '250820'} , support:  90 
 {'581320',  '730'} , support:  134 
 {'1145360',  '1085660'} , support:  33 
 {'230410',  '1145360'} , support:  38 
 {'381210',  '1145360'} , support:  38 
 {'739630',  '1145360'} , support:  40 
 {'1063730',  '1145360'} , support:  43 
 {'1145360',  '252950'} , support:  45 
 {'1145360',  '646570'} , support:  46 
 {'632360',  '1145360'} , support:  50 
 {'1145360',  '431960'} , support:  51 
 {'1145360',  '250900'} , support:  52 
 {'250820',  '1145360'} , support:  53 
 {'1145360',  '548430'} , support:  71 
 {'1145360',  '1172470'} , support:  71 
 {'730',  '1145360'} , support:  84 
 {'1145360',  '570'} , support:  84 
 {'346110',  '251570'} , support:  34 
 {'346110',  '252950'} , support:  35 
 {'346110',  '271590'} , support:  37 
 {'252490',  '346110'} , support:  40 
 {'346110',  '1172470'} , support:  43 
 {'346110',  '570'} , support:  44 
 {'346110',  '431960'} , support:  45 
 {'381210',  '346110'} , support:  49 
 {'346110',  '250820'} , support:  49 
 {'346110',  '739630'} , support:  64 
 {'346110',  '1063730'} , support:  73 
 {'346110',  '730'} , support:  81 
 {'1172620',  '945360'} , support:  33 
 {'594650',  '1172620'} , support:  33 
 {'1172620',  '960090'} , support:  36 
 {'632360',  '1172620'} , support:  36 
 {'1172620',  '440'} , support:  37 
 {'1172620',  '359550'} , support:  38 
 {'1172620',  '1085660'} , support:  50 
 {'1172620',  '252950'} , support:  59 
 {'1172620',  '271590'} , support:  59 
 {'1172620',  '431960'} , support:  63 
 {'1172620',  '250820'} , support:  65 
 {'1172620',  '1063730'} , support:  67 
 {'381210',  '1172620'} , support:  72 
 {'1172620',  '570'} , support:  77 
 {'1172620',  '1172470'} , support:  82 
 {'1172620',  '548430'} , support:  97 
 {'1172620',  '739630'} , support:  114 
 {'1172620',  '730'} , support:  144 
 {'381210',  '275850'} , support:  34 
 {'1091500',  '275850'} , support:  35 
 {'892970',  '275850'} , support:  35 
 {'976730',  '275850'} , support:  36 
 {'252950',  '275850'} , support:  37 
 {'271590',  '275850'} , support:  39 
 {'275850',  '489830'} , support:  44 
 {'1172470',  '275850'} , support:  49 
 {'230410',  '275850'} , support:  50 
 {'275850',  '570'} , support:  53 
 {'431960',  '275850'} , support:  57 
 {'275850',  '1085660'} , support:  59 
 {'275850',  '548430'} , support:  62 
 {'739630',  '275850'} , support:  63 
 {'730',  '275850'} , support:  66 
 {'1063730',  '275850'} , support:  70 
 {'250820',  '275850'} , support:  118 
 {'359550',  '262060'} , support:  32 
 {'594570',  '262060'} , support:  32 
 {'1085660',  '262060'} , support:  32 
 {'238960',  '262060'} , support:  35 
 {'440',  '262060'} , support:  35 
 {'960090',  '262060'} , support:  36 
 {'252950',  '262060'} , support:  37 
 {'489830',  '262060'} , support:  39 
 {'374320',  '262060'} , support:  40 
 {'294100',  '262060'} , support:  41 
 {'594650',  '262060'} , support:  42 
 {'431960',  '262060'} , support:  45 
 {'632360',  '262060'} , support:  47 
 {'250820',  '262060'} , support:  52 
 {'250900',  '262060'} , support:  52 
 {'1063730',  '262060'} , support:  53 
 {'739630',  '262060'} , support:  56 
 {'1172470',  '262060'} , support:  56 
 {'646570',  '262060'} , support:  57 
 {'730',  '262060'} , support:  59 
 {'381210',  '262060'} , support:  69 
 {'570',  '262060'} , support:  72 
 {'548430',  '262060'} , support:  87 
 {'620980',  '945360'} , support:  32 
 {'620980',  '250820',  '945360'} , support:  32 
 {'620980',  '570'} , support:  34 
 {'620980',  '250820',  '570'} , support:  33 
 {'620980',  '440'} , support:  35 
 {'620980',  '250820',  '440'} , support:  35 
 {'620980',  '976730'} , support:  38 
 {'620980',  '250820',  '976730'} , support:  38 
 {'632360',  '620980'} , support:  43 
 {'632360',  '620980',  '250820'} , support:  43 
 {'620980',  '1085660'} , support:  45 
 {'620980',  '250820',  '1085660'} , support:  45 
 {'620980',  '548430'} , support:  48 
 {'620980',  '250820',  '548430'} , support:  47 
 {'381210',  '620980'} , support:  53 
 {'381210',  '620980',  '250820'} , support:  53 
 {'620980',  '252950'} , support:  63 
 {'620980',  '250820',  '252950'} , support:  61 
 {'620980',  '1063730'} , support:  72 
 {'620980',  '250820',  '1063730'} , support:  71 
 {'620980',  '1172470'} , support:  73 
 {'620980',  '250820',  '1172470'} , support:  72 
 {'620980',  '730'} , support:  92 
 {'620980',  '730',  '250820'} , support:  91 
 {'620980',  '431960'} , support:  101 
 {'620980',  '250820',  '431960'} , support:  100 
 {'620980',  '739630'} , support:  106 
 {'620980',  '250820',  '739630'} , support:  106 
 {'620980',  '438100'} , support:  126 
 {'620980',  '438100',  '250820'} , support:  126 
 {'620980',  '250820'} , support:  929 
 {'976730',  '582010'} , support:  34 
 {'271590',  '582010'} , support:  34 
 {'359550',  '582010'} , support:  34 
 {'252950',  '582010'} , support:  38 
 {'632360',  '582010'} , support:  40 
 {'489830',  '582010'} , support:  42 
 {'381210',  '582010'} , support:  42 
 {'105600',  '582010'} , support:  43 
 {'39210',  '582010'} , support:  45 
 {'1085660',  '582010'} , support:  49 
 {'570',  '582010'} , support:  55 
 {'230410',  '582010'} , support:  56 
 {'374320',  '582010'} , support:  59 
 {'1063730',  '582010'} , support:  60 
 {'730',  '582010'} , support:  65 
 {'1172470',  '582010'} , support:  74 
 {'250820',  '582010'} , support:  78 
 {'431960',  '582010'} , support:  81 
 {'739630',  '582010'} , support:  91 
 {'548430',  '582010'} , support:  98 
 {'230410',  '251570'} , support:  32 
 {'251570',  '107410'} , support:  32 
 {'251570',  '294100'} , support:  33 
 {'251570',  '252950'} , support:  35 
 {'271590',  '251570'} , support:  37 
 {'252490',  '251570'} , support:  38 
 {'892970',  '251570'} , support:  43 
 {'251570',  '431960'} , support:  43 
 {'251570',  '570'} , support:  45 
 {'251570',  '1172470'} , support:  45 
 {'250820',  '251570'} , support:  56 
 {'251570',  '548430'} , support:  57 
 {'381210',  '251570'} , support:  59 
 {'1063730',  '251570'} , support:  74 
 {'730',  '251570'} , support:  98 
 {'739630',  '251570'} , support:  118 
 {'286160',  '552500'} , support:  32 
 {'252950',  '552500'} , support:  33 
 {'552500',  '394360'} , support:  33 
 {'359550',  '552500'} , support:  34 
 {'236390',  '552500'} , support:  34 
 {'435150',  '552500'} , support:  35 
 {'552500',  '238960'} , support:  35 
 {'552500',  '374320'} , support:  36 
 {'960090',  '552500'} , support:  37 
 {'892970',  '552500'} , support:  38 
 {'552500',  '250900'} , support:  38 
 {'552500',  '218620'} , support:  39 
 {'552500',  '924970'} , support:  41 
 {'552500',  '489830'} , support:  42 
 {'552500',  '976730'} , support:  42 
 {'552500',  '1085660'} , support:  49 
 {'594650',  '552500'} , support:  55 
 {'1063730',  '552500'} , support:  56 
 {'632360',  '552500'} , support:  56 
 {'552500',  '440'} , support:  61 
 {'552500',  '431960'} , support:  67 
 {'230410',  '552500'} , support:  67 
 {'552500',  '570'} , support:  72 
 {'381210',  '552500'} , support:  72 
 {'1172470',  '552500'} , support:  75 
 {'250820',  '552500'} , support:  85 
 {'730',  '552500'} , support:  89 
 {'739630',  '552500'} , support:  98 
 {'552500',  '594570'} , support:  119 
 {'552500',  '548430'} , support:  221 
 {'255710',  '261550'} , support:  33 
 {'255710',  '570'} , support:  38 
 {'255710',  '236390'} , support:  40 
 {'255710',  '1158310'} , support:  41 
 {'255710',  '236850'} , support:  42 
 {'739630',  '255710'} , support:  43 
 {'255710',  '227300'} , support:  43 
 {'255710',  '294100'} , support:  45 
 {'1063730',  '255710'} , support:  45 
 {'255710',  '252950'} , support:  46 
 {'255710',  '431960'} , support:  48 
 {'271590',  '255710'} , support:  48 
 {'255710',  '250820'} , support:  54 
 {'255710',  '394360'} , support:  55 
 {'255710',  '289070'} , support:  58 
 {'730',  '255710'} , support:  94 
 {'594650',  '1174180'} , support:  32 
 {'377160',  '1174180'} , support:  33 
 {'359550',  '1174180'} , support:  33 
 {'1174180',  '4000'} , support:  39 
 {'892970',  '1174180'} , support:  40 
 {'1174180',  '252950'} , support:  41 
 {'1174180',  '548430'} , support:  42 
 {'381210',  '1174180'} , support:  47 
 {'1174180',  '489830'} , support:  51 
 {'1174180',  '236390'} , support:  51 
 {'1174180',  '1085660'} , support:  51 
 {'1174180',  '976730'} , support:  56 
 {'1063730',  '1174180'} , support:  59 
 {'1174180',  '1172470'} , support:  62 
 {'1174180',  '1091500'} , support:  63 
 {'1174180',  '570'} , support:  64 
 {'1174180',  '431960'} , support:  74 
 {'739630',  '1174180'} , support:  78 
 {'250820',  '1174180'} , support:  95 
 {'271590',  '1174180'} , support:  113 
 {'730',  '1174180'} , support:  148 
 {'386360',  '238960'} , support:  32 
 {'386360',  '236390'} , support:  32 
 {'386360',  '945360'} , support:  32 
 {'386360',  '440'} , support:  34 
 {'386360',  '374320'} , support:  36 
 {'386360',  '286160'} , support:  37 
 {'386360',  '39210'} , support:  41 
 {'386360',  '250900'} , support:  42 
 {'632360',  '386360'} , support:  44 
 {'386360',  '1085660'} , support:  49 
 {'386360',  '960090'} , support:  52 
 {'230410',  '386360'} , support:  60 
 {'386360',  '250820'} , support:  70 
 {'386360',  '252950'} , support:  74 
 {'386360',  '570'} , support:  75 
 {'386360',  '548430'} , support:  75 
 {'386360',  '1063730'} , support:  93 
 {'381210',  '386360'} , support:  93 
 {'386360',  '431960'} , support:  100 
 {'386360',  '739630'} , support:  102 
 {'386360',  '1172470'} , support:  103 
 {'386360',  '730'} , support:  110 
 {'1454400',  '286160'} , support:  32 
 {'1454400',  '271590'} , support:  34 
 {'230410',  '1454400'} , support:  35 
 {'1454400',  '413150'} , support:  37 
 {'1454400',  '39210'} , support:  41 
 {'1454400',  '238960'} , support:  41 
 {'1454400',  '252950'} , support:  41 
 {'632360',  '1454400'} , support:  42 
 {'1454400',  '489830'} , support:  44 
 {'381210',  '1454400'} , support:  45 
 {'1454400',  '105600'} , support:  46 
 {'1454400',  '440'} , support:  47 
 {'1454400',  '1085660'} , support:  50 
 {'1454400',  '570'} , support:  53 
 {'1454400',  '960090'} , support:  66 
 {'1454400',  '250900'} , support:  71 
 {'1454400',  '1172470'} , support:  73 
 {'1454400',  '431960'} , support:  75 
 {'1454400',  '1063730'} , support:  80 
 {'1454400',  '739630'} , support:  86 
 {'1454400',  '730'} , support:  86 
 {'1454400',  '548430'} , support:  95 
 {'1454400',  '250820'} , support:  97 
 {'892970',  '1097150'} , support:  32 
 {'1097150',  '440'} , support:  33 
 {'1097150',  '1085660'} , support:  36 
 {'359550',  '1097150'} , support:  39 
 {'1097150',  '960090'} , support:  42 
 {'1097150',  '250900'} , support:  43 
 {'271590',  '1097150'} , support:  48 
 {'1097150',  '548430'} , support:  54 
 {'1097150',  '431960'} , support:  65 
 {'1097150',  '945360'} , support:  67 
 {'250820',  '1097150'} , support:  70 
 {'1097150',  '570'} , support:  80 
 {'1097150',  '1172470'} , support:  103 
 {'1063730',  '1097150'} , support:  105 
 {'381210',  '1097150'} , support:  109 
 {'739630',  '1097150'} , support:  120 
 {'1097150',  '252950'} , support:  136 
 {'730',  '1097150',  '252950'} , support:  34 
 {'730',  '1097150'} , support:  204 
 {'526870',  '39210'} , support:  32 
 {'526870',  '1085660'} , support:  32 
 {'526870',  '271590'} , support:  33 
 {'526870',  '281990'} , support:  34 
 {'526870',  '236390'} , support:  35 
 {'526870',  '294100'} , support:  36 
 {'526870',  '489830'} , support:  37 
 {'526870',  '960090'} , support:  39 
 {'526870',  '230410'} , support:  39 
 {'526870',  '632360'} , support:  42 
 {'526870',  '381210'} , support:  43 
 {'526870',  '570'} , support:  47 
 {'526870',  '892970'} , support:  48 
 {'526870',  '431960'} , support:  55 
 {'526870',  '1172470'} , support:  57 
 {'526870',  '252950'} , support:  58 
 {'526870',  '427520'} , support:  59 
 {'526870',  '730'} , support:  83 
 {'526870',  '739630'} , support:  88 
 {'526870',  '1063730'} , support:  90 
 {'526870',  '548430'} , support:  100 
 {'526870',  '250820'} , support:  113 
 {'359550',  '292030'} , support:  32 
 {'381210',  '292030'} , support:  32 
 {'548430',  '292030'} , support:  33 
 {'739630',  '292030'} , support:  37 
 {'1063730',  '292030'} , support:  41 
 {'250820',  '292030'} , support:  42 
 {'252950',  '292030'} , support:  47 
 {'489830',  '292030'} , support:  48 
 {'1091500',  '292030'} , support:  48 
 {'1172470',  '292030'} , support:  54 
 {'271590',  '292030'} , support:  64 
 {'431960',  '292030'} , support:  69 
 {'570',  '292030'} , support:  132 
 {'730',  '570',  '292030'} , support:  47 
 {'730',  '292030'} , support:  196 
 {'1172470',  '1158310'} , support:  43 
 {'1158310',  '489830'} , support:  48 
 {'1158310',  '431960'} , support:  51 
 {'250820',  '1158310'} , support:  53 
 {'1466860',  '1158310'} , support:  56 
 {'1158310',  '548430'} , support:  59 
 {'289070',  '1158310'} , support:  60 
 {'236390',  '1158310'} , support:  60 
 {'1063730',  '1158310'} , support:  60 
 {'739630',  '1158310'} , support:  66 
 {'1158310',  '594570'} , support:  70 
 {'1158310',  '570'} , support:  75 
 {'294100',  '1158310'} , support:  80 
 {'281990',  '1158310'} , support:  101 
 {'730',  '1158310'} , support:  104 
 {'261550',  '1158310'} , support:  106 
 {'236850',  '1158310'} , support:  166 
 {'394360',  '236850',  '1158310'} , support:  57 
 {'394360',  '1158310'} , support:  184 
 {'1466860',  '236850'} , support:  32 
 {'1063730',  '236850'} , support:  35 
 {'252950',  '236850'} , support:  35 
 {'739630',  '236850'} , support:  38 
 {'236850',  '431960'} , support:  39 
 {'427520',  '236850'} , support:  40 
 {'289070',  '236850'} , support:  43 
 {'236850',  '489830'} , support:  48 
 {'236850',  '548430'} , support:  49 
 {'236850',  '594570'} , support:  51 
 {'236850',  '570'} , support:  65 
 {'236390',  '236850'} , support:  67 
 {'394360',  '236390',  '236850'} , support:  33 
 {'294100',  '236850'} , support:  71 
 {'261550',  '236850'} , support:  72 
 {'281990',  '236850'} , support:  104 
 {'730',  '236850'} , support:  123 
 {'394360',  '236850'} , support:  252 
 {'250820',  '1793660'} , support:  40 
 {'960090',  '1793660'} , support:  40 
 {'381210',  '1793660'} , support:  41 
 {'230410',  '1793660'} , support:  55 
 {'1793660',  '548430'} , support:  55 
 {'39210',  '1793660'} , support:  58 
 {'1793660',  '570'} , support:  59 
 {'252950',  '1793660'} , support:  67 
 {'739630',  '1793660'} , support:  68 
 {'1793660',  '1085660'} , support:  70 
 {'730',  '1793660'} , support:  79 
 {'1793660',  '431960'} , support:  86 
 {'1172470',  '1793660'} , support:  92 
 {'1793660',  '238960'} , support:  131 
 {'1063730',  '1793660'} , support:  220 
 {'435150',  '105600'} , support:  32 
 {'435150',  '646570'} , support:  32 
 {'435150',  '924970'} , support:  32 
 {'435150',  '289070'} , support:  35 
 {'435150',  '39210'} , support:  36 
 {'435150',  '960090'} , support:  37 
 {'435150',  '359550'} , support:  37 
 {'435150',  '294100'} , support:  37 
 {'435150',  '250900'} , support:  37 
 {'435150',  '261550'} , support:  38 
 {'435150',  '594570'} , support:  38 
 {'632360',  '435150'} , support:  38 
 {'435150',  '252950'} , support:  39 
 {'435150',  '976730'} , support:  39 
 {'230410',  '435150'} , support:  40 
 {'435150',  '892970'} , support:  40 
 {'435150',  '238960'} , support:  41 
 {'435150',  '286160'} , support:  41 
 {'594650',  '435150'} , support:  42 
 {'435150',  '374320'} , support:  44 
 {'435150',  '1063730'} , support:  46 
 {'435150',  '489830'} , support:  47 
 {'381210',  '435150'} , support:  48 
 {'435150',  '1085660'} , support:  50 
 {'435150',  '431960'} , support:  67 
 {'435150',  '250820'} , support:  70 
 {'435150',  '739630'} , support:  80 
 {'435150',  '1172470'} , support:  85 
 {'435150',  '730'} , support:  92 
 {'435150',  '548430'} , support:  101 
 {'435150',  '570'} , support:  111 
 {'294100',  '646570'} , support:  34 
 {'646570',  '238960'} , support:  40 
 {'286160',  '646570'} , support:  40 
 {'374320',  '646570'} , support:  41 
 {'646570',  '1085660'} , support:  41 
 {'413150',  '646570'} , support:  45 
 {'105600',  '646570'} , support:  47 
 {'381210',  '646570'} , support:  54 
 {'960090',  '646570'} , support:  59 
 {'250820',  '646570'} , support:  65 
 {'646570',  '548430'} , support:  66 
 {'739630',  '646570'} , support:  68 
 {'252950',  '646570'} , support:  69 
 {'431960',  '646570'} , support:  73 
 {'1063730',  '646570'} , support:  75 
 {'632360',  '646570'} , support:  79 
 {'1172470',  '646570'} , support:  88 
 {'646570',  '250900'} , support:  100 
 {'646570',  '570'} , support:  100 
 {'730',  '646570'} , support:  103 
 {'594650',  '261550'} , support:  33 
 {'261550',  '238960'} , support:  33 
 {'377160',  '261550'} , support:  36 
 {'1466860',  '261550'} , support:  37 
 {'289070',  '261550'} , support:  39 
 {'271590',  '261550'} , support:  42 
 {'261550',  '281990'} , support:  46 
 {'892970',  '261550'} , support:  46 
 {'1172470',  '261550'} , support:  50 
 {'261550',  '489830'} , support:  55 
 {'252950',  '261550'} , support:  57 
 {'261550',  '431960'} , support:  58 
 {'261550',  '107410'} , support:  59 
 {'261550',  '548430'} , support:  65 
 {'294100',  '261550'} , support:  65 
 {'250820',  '261550'} , support:  67 
 {'236390',  '261550'} , support:  69 
 {'739630',  '261550'} , support:  74 
 {'261550',  '570'} , support:  85 
 {'261550',  '394360'} , support:  95 
 {'261550',  '594570'} , support:  102 
 {'1063730',  '261550'} , support:  113 
 {'730',  '261550'} , support:  152 
 {'438100',  '374320'} , support:  33 
 {'438100',  '218620'} , support:  34 
 {'286160',  '438100'} , support:  36 
 {'286160',  '438100',  '250820'} , support:  32 
 {'438100',  '924970'} , support:  37 
 {'438100',  '250820',  '924970'} , support:  35 
 {'438100',  '570'} , support:  38 
 {'438100',  '359550'} , support:  40 
 {'438100',  '550'} , support:  41 
 {'438100',  '107410'} , support:  41 
 {'438100',  '250820',  '107410'} , support:  35 
 {'438100',  '236390'} , support:  43 
 {'438100',  '236390',  '250820'} , support:  34 
 {'438100',  '960090'} , support:  44 
 {'438100',  '960090',  '250820'} , support:  32 
 {'438100',  '250900'} , support:  44 
 {'438100',  '250820',  '250900'} , support:  36 
 {'438100',  '105600'} , support:  45 
 {'632360',  '438100'} , support:  50 
 {'632360',  '438100',  '250820'} , support:  44 
 {'271590',  '438100'} , support:  51 
 {'271590',  '438100',  '250820'} , support:  35 
 {'438100',  '252950'} , support:  52 
 {'438100',  '252950',  '250820'} , support:  42 
 {'39210',  '438100'} , support:  54 
 {'39210',  '438100',  '250820'} , support:  47 
 {'438100',  '945360'} , support:  58 
 {'438100',  '945360',  '250820'} , support:  38 
 {'438100',  '976730'} , support:  60 
 {'438100',  '250820',  '976730'} , support:  50 
 {'1063730',  '438100'} , support:  63 
 {'1063730',  '438100',  '250820'} , support:  51 
 {'230410',  '438100'} , support:  66 
 {'230410',  '438100',  '250820'} , support:  52 
 {'438100',  '1085660'} , support:  72 
 {'438100',  '250820',  '1085660'} , support:  50 
 {'438100',  '4000'} , support:  85 
 {'438100',  '4000',  '250820'} , support:  62 
 {'438100',  '548430'} , support:  92 
 {'438100',  '250820',  '548430'} , support:  74 
 {'438100',  '440'} , support:  103 
 {'438100',  '250820',  '440'} , support:  76 
 {'381210',  '438100'} , support:  106 
 {'381210',  '438100',  '250820'} , support:  78 
 {'438100',  '431960'} , support:  119 
 {'438100',  '250820',  '431960'} , support:  96 
 {'730',  '438100'} , support:  123 
 {'730',  '438100',  '250820'} , support:  77 
 {'438100',  '1172470'} , support:  127 
 {'438100',  '1172470',  '250820'} , support:  95 
 {'739630',  '438100'} , support:  176 
 {'739630',  '438100',  '250820'} , support:  141 
 {'438100',  '250820'} , support:  948 
 {'892970',  '281990'} , support:  32 
 {'359550',  '281990'} , support:  33 
 {'281990',  '1085660'} , support:  34 
 {'381210',  '281990'} , support:  35 
 {'1466860',  '281990'} , support:  35 
 {'632360',  '281990'} , support:  36 
 {'286160',  '281990'} , support:  38 
 {'1172470',  '281990'} , support:  38 
 {'281990',  '440'} , support:  39 
 {'377160',  '281990'} , support:  39 
 {'281990',  '107410'} , support:  41 
 {'281990',  '976730'} , support:  43 
 {'230410',  '281990'} , support:  47 
 {'281990',  '431960'} , support:  48 
 {'427520',  '281990'} , support:  49 
 {'739630',  '281990'} , support:  57 
 {'289070',  '281990'} , support:  62 
 {'730',  '281990'} , support:  68 
 {'250820',  '281990'} , support:  70 
 {'281990',  '489830'} , support:  70 
 {'1063730',  '281990'} , support:  74 
 {'236390',  '281990'} , support:  75 
 {'281990',  '570'} , support:  77 
 {'281990',  '594570'} , support:  79 
 {'294100',  '281990'} , support:  89 
 {'281990',  '548430'} , support:  102 
 {'281990',  '394360'} , support:  136 
 {'252490',  '1466860'} , support:  34 
 {'594650',  '1466860'} , support:  34 
 {'236390',  '1466860'} , support:  37 
 {'1466860',  '924970'} , support:  38 
 {'1466860',  '394360'} , support:  38 
 {'381210',  '1466860'} , support:  41 
 {'1466860',  '594570'} , support:  45 
 {'250820',  '1466860'} , support:  51 
 {'1172470',  '1466860'} , support:  53 
 {'252950',  '1466860'} , support:  53 
 {'1466860',  '548430'} , support:  57 
 {'739630',  '1466860'} , support:  62 
 {'1466860',  '431960'} , support:  68 
 {'1466860',  '570'} , support:  106 
 {'730',  '1466860'} , support:  114 
 {'1063730',  '1466860'} , support:  125 
 {'594650',  '427520'} , support:  32 
 {'286160',  '427520'} , support:  33 
 {'271590',  '427520'} , support:  33 
 {'427520',  '1085660'} , support:  35 
 {'427520',  '976730'} , support:  37 
 {'427520',  '594570'} , support:  38 
 {'892970',  '427520'} , support:  38 
 {'427520',  '413150'} , support:  38 
 {'427520',  '440'} , support:  40 
 {'427520',  '236390'} , support:  42 
 {'427520',  '489830'} , support:  42 
 {'632360',  '427520'} , support:  45 
 {'427520',  '960090'} , support:  47 
 {'427520',  '394360'} , support:  47 
 {'427520',  '105600'} , support:  50 
 {'427520',  '238960'} , support:  51 
 {'427520',  '431960'} , support:  58 
 {'427520',  '1172470'} , support:  58 
 {'1063730',  '427520'} , support:  68 
 {'427520',  '252950'} , support:  69 
 {'739630',  '427520'} , support:  72 
 {'427520',  '570'} , support:  80 
 {'427520',  '294100'} , support:  81 
 {'427520',  '548430'} , support:  100 
 {'250820',  '427520'} , support:  101 
 {'730',  '427520'} , support:  117 
 {'377160',  '107410'} , support:  33 
 {'107410',  '218620'} , support:  34 
 {'107410',  '594570'} , support:  34 
 {'107410',  '440'} , support:  35 
 {'107410',  '489830'} , support:  35 
 {'286160',  '107410'} , support:  36 
 {'594650',  '107410'} , support:  36 
 {'252950',  '107410'} , support:  37 
 {'230410',  '107410'} , support:  39 
 {'107410',  '1085660'} , support:  40 
 {'252490',  '107410'} , support:  40 
 {'107410',  '227300'} , support:  41 
 {'107410',  '548430'} , support:  51 
 {'1172470',  '107410'} , support:  51 
 {'294100',  '107410'} , support:  52 
 {'218',  '107410'} , support:  52 
 {'4000',  '107410'} , support:  58 
 {'107410',  '976730'} , support:  61 
 {'359550',  '107410'} , support:  65 
 {'107410',  '570'} , support:  67 
 {'1063730',  '107410'} , support:  67 
 {'107410',  '431960'} , support:  78 
 {'271590',  '107410'} , support:  81 
 {'739630',  '107410'} , support:  105 
 {'394360',  '107410'} , support:  106 
 {'394360',  '236390',  '107410'} , support:  32 
 {'221100',  '107410'} , support:  117 
 {'250820',  '107410'} , support:  133 
 {'236390',  '107410'} , support:  183 
 {'730',  '236390',  '107410'} , support:  32 
 {'730',  '107410'} , support:  199 
 {'218',  '945360'} , support:  32 
 {'218',  '578080'} , support:  43 
 {'218',  '4000'} , support:  44 
 {'218',  '570'} , support:  45 
 {'218',  '221100'} , support:  46 
 {'359550',  '218'} , support:  52 
 {'218',  '1172470'} , support:  54 
 {'252490',  '218'} , support:  55 
 {'250820',  '218'} , support:  56 
 {'381210',  '218'} , support:  61 
 {'218',  '227300'} , support:  71 
 {'218',  '431960'} , support:  74 
 {'218',  '252950'} , support:  93 
 {'739630',  '218'} , support:  112 
 {'1063730',  '218'} , support:  134 
 {'271590',  '218'} , support:  211 
 {'271590',  '730',  '218'} , support:  49 
 {'730',  '218'} , support:  318 
 {'632360',  '1551360'} , support:  32 
 {'594650',  '1551360'} , support:  33 
 {'230410',  '1551360'} , support:  33 
 {'1551360',  '976730'} , support:  36 
 {'1551360',  '924970'} , support:  36 
 {'1551360',  '238960'} , support:  40 
 {'359550',  '1551360'} , support:  40 
 {'381210',  '1551360'} , support:  41 
 {'1551360',  '227300'} , support:  43 
 {'1551360',  '489830'} , support:  44 
 {'236390',  '1551360'} , support:  47 
 {'960090',  '1551360'} , support:  47 
 {'1551360',  '548430'} , support:  67 
 {'1551360',  '1085660'} , support:  72 
 {'271590',  '1551360'} , support:  76 
 {'739630',  '1551360'} , support:  78 
 {'1551360',  '570'} , support:  79 
 {'250820',  '1551360'} , support:  100 
 {'1172470',  '1551360'} , support:  108 
 {'1551360',  '431960'} , support:  112 
 {'252950',  '1551360'} , support:  125 
 {'1063730',  '1551360'} , support:  131 
 {'730',  '1551360'} , support:  191 
 {'594650',  '218620'} , support:  32 
 {'374320',  '218620'} , support:  33 
 {'1063730',  '218620'} , support:  33 
 {'489830',  '218620'} , support:  39 
 {'105600',  '218620'} , support:  39 
 {'250900',  '218620'} , support:  40 
 {'286160',  '218620'} , support:  41 
 {'377160',  '218620'} , support:  42 
 {'976730',  '218620'} , support:  49 
 {'252950',  '218620'} , support:  49 
 {'236390',  '218620'} , support:  52 
 {'632360',  '218620'} , support:  56 
 {'1085660',  '218620'} , support:  60 
 {'960090',  '218620'} , support:  62 
 {'230410',  '218620'} , support:  68 
 {'359550',  '218620'} , support:  72 
 {'271590',  '218620'} , support:  74 
 {'550',  '218620'} , support:  79 
 {'4000',  '218620'} , support:  80 
 {'570',  '218620'} , support:  80 
 {'381210',  '218620'} , support:  80 
 {'1172470',  '218620'} , support:  91 
 {'431960',  '218620'} , support:  95 
 {'739630',  '218620'} , support:  108 
 {'548430',  '218620'} , support:  119 
 {'250820',  '218620'} , support:  138 
 {'440',  '218620'} , support:  146 
 {'730',  '218620'} , support:  191 
 {'221100',  '489830'} , support:  33 
 {'892970',  '221100'} , support:  35 
 {'381210',  '221100'} , support:  35 
 {'4000',  '221100'} , support:  39 
 {'221100',  '394360'} , support:  43 
 {'359550',  '221100'} , support:  51 
 {'594650',  '221100'} , support:  51 
 {'221100',  '431960'} , support:  58 
 {'221100',  '227300'} , support:  61 
 {'252950',  '221100'} , support:  66 
 {'221100',  '578080'} , support:  67 
 {'250820',  '221100'} , support:  67 
 {'1172470',  '221100'} , support:  68 
 {'271590',  '221100'} , support:  73 
 {'236390',  '221100'} , support:  74 
 {'739630',  '221100'} , support:  86 
 {'1063730',  '221100'} , support:  90 
 {'252490',  '221100'} , support:  98 
 {'221100',  '570'} , support:  147 
 {'730',  '221100',  '570'} , support:  48 
 {'730',  '221100'} , support:  292 
 {'550',  '394360'} , support:  32 
 {'286160',  '550'} , support:  36 
 {'377160',  '550'} , support:  38 
 {'236390',  '550'} , support:  38 
 {'550',  '1085660'} , support:  41 
 {'550',  '489830'} , support:  41 
 {'230410',  '550'} , support:  41 
 {'550',  '250900'} , support:  42 
 {'550',  '924970'} , support:  42 
 {'945360',  '550'} , support:  42 
 {'252950',  '550'} , support:  43 
 {'960090',  '550'} , support:  45 
 {'632360',  '550'} , support:  48 
 {'550',  '105600'} , support:  48 
 {'550',  '578080'} , support:  49 
 {'359550',  '550'} , support:  58 
 {'550',  '976730'} , support:  73 
 {'550',  '548430'} , support:  82 
 {'550',  '431960'} , support:  84 
 {'381210',  '550'} , support:  91 
 {'271590',  '550'} , support:  95 
 {'250820',  '550'} , support:  99 
 {'4000',  '550'} , support:  106 
 {'4000',  '550',  '440'} , support:  42 
 {'1172470',  '550'} , support:  108 
 {'739630',  '550'} , support:  115 
 {'550',  '570'} , support:  129 
 {'730',  '550',  '570'} , support:  50 
 {'550',  '440'} , support:  196 
 {'730',  '550',  '440'} , support:  40 
 {'730',  '550'} , support:  289 
 {'377160',  '289070'} , support:  32 
 {'377160',  '960090'} , support:  33 
 {'377160',  '632360'} , support:  34 
 {'377160',  '892970'} , support:  34 
 {'377160',  '374320'} , support:  34 
 {'377160',  '252950'} , support:  34 
 {'377160',  '1091500'} , support:  41 
 {'377160',  '594650'} , support:  42 
 {'377160',  '594570'} , support:  43 
 {'377160',  '250900'} , support:  43 
 {'377160',  '4000'} , support:  44 
 {'377160',  '105600'} , support:  46 
 {'377160',  '294100'} , support:  47 
 {'377160',  '381210'} , support:  48 
 {'377160',  '359550'} , support:  51 
 {'377160',  '976730'} , support:  51 
 {'377160',  '236390'} , support:  52 
 {'377160',  '1172470'} , support:  54 
 {'377160',  '230410'} , support:  56 
 {'377160',  '440'} , support:  56 
 {'377160',  '394360'} , support:  59 
 {'377160',  '1063730'} , support:  60 
 {'377160',  '1085660'} , support:  65 
 {'377160',  '570'} , support:  69 
 {'377160',  '271590'} , support:  70 
 {'377160',  '548430'} , support:  78 
 {'377160',  '739630'} , support:  84 
 {'377160',  '431960'} , support:  97 
 {'377160',  '250820'} , support:  104 
 {'377160',  '730'} , support:  121 
 {'377160',  '489830'} , support:  209 
 {'238960',  '924970'} , support:  32 
 {'1091500',  '924970'} , support:  33 
 {'892970',  '924970'} , support:  34 
 {'105600',  '924970'} , support:  35 
 {'374320',  '924970'} , support:  35 
 {'286160',  '924970'} , support:  37 
 {'271590',  '924970'} , support:  38 
 {'632360',  '924970'} , support:  43 
 {'250900',  '924970'} , support:  45 
 {'440',  '924970'} , support:  47 
 {'489830',  '924970'} , support:  48 
 {'960090',  '924970'} , support:  50 
 {'230410',  '924970'} , support:  51 
 {'359550',  '924970'} , support:  52 
 {'39210',  '924970'} , support:  53 
 {'594650',  '924970'} , support:  59 
 {'976730',  '924970'} , support:  68 
 {'252950',  '924970'} , support:  81 
 {'570',  '924970'} , support:  83 
 {'1085660',  '924970'} , support:  89 
 {'431960',  '924970'} , support:  110 
 {'1063730',  '924970'} , support:  111 
 {'381210',  '924970'} , support:  125 
 {'250820',  '924970'} , support:  131 
 {'739630',  '250820',  '924970'} , support:  40 
 {'730',  '924970'} , support:  131 
 {'1172470',  '924970'} , support:  149 
 {'548430',  '924970'} , support:  166 
 {'739630',  '924970'} , support:  210 
 {'1091500',  '250900'} , support:  32 
 {'1091500',  '594570'} , support:  34 
 {'39210',  '1091500'} , support:  36 
 {'578080',  '1091500'} , support:  36 
 {'1091500',  '238960'} , support:  36 
 {'1091500',  '227300'} , support:  38 
 {'230410',  '1091500'} , support:  43 
 {'892970',  '1091500'} , support:  43 
 {'1091500',  '976730'} , support:  44 
 {'359550',  '1091500'} , support:  44 
 {'252950',  '1091500'} , support:  44 
 {'236390',  '1091500'} , support:  52 
 {'381210',  '1091500'} , support:  53 
 {'1091500',  '548430'} , support:  56 
 {'271590',  '1091500'} , support:  69 
 {'1091500',  '489830'} , support:  77 
 {'1091500',  '1085660'} , support:  81 
 {'739630',  '1091500'} , support:  83 
 {'1091500',  '570'} , support:  98 
 {'250820',  '1091500'} , support:  101 
 {'1172470',  '1091500'} , support:  107 
 {'1063730',  '1091500'} , support:  110 
 {'1091500',  '431960'} , support:  132 
 {'730',  '1091500',  '431960'} , support:  32 
 {'730',  '1091500'} , support:  191 
 {'250900',  '594570'} , support:  33 
 {'252950',  '594570'} , support:  36 
 {'39210',  '594570'} , support:  38 
 {'440',  '594570'} , support:  38 
 {'1085660',  '594570'} , support:  39 
 {'892970',  '594570'} , support:  42 
 {'230410',  '594570'} , support:  42 
 {'359550',  '594570'} , support:  44 
 {'960090',  '594570'} , support:  45 
 {'238960',  '594570'} , support:  46 
 {'632360',  '594570'} , support:  49 
 {'374320',  '594570'} , support:  49 
 {'286160',  '594570'} , support:  50 
 {'289070',  '594570'} , support:  51 
 {'381210',  '594570'} , support:  52 
 {'976730',  '594570'} , support:  56 
 {'594650',  '594570'} , support:  60 
 {'250820',  '594570'} , support:  66 
 {'1172470',  '594570'} , support:  70 
 {'431960',  '594570'} , support:  75 
 {'294100',  '594570'} , support:  81 
 {'570',  '594570'} , support:  81 
 {'236390',  '594570'} , support:  83 
 {'489830',  '594570'} , support:  83 
 {'394360',  '594570'} , support:  84 
 {'1063730',  '594570'} , support:  95 
 {'730',  '594570'} , support:  100 
 {'739630',  '594570'} , support:  113 
 {'548430',  '594570'} , support:  126 
 {'294100',  '238960'} , support:  32 
 {'359550',  '294100'} , support:  32 
 {'381210',  '294100'} , support:  34 
 {'294100',  '374320'} , support:  34 
 {'594650',  '294100'} , support:  35 
 {'286160',  '294100'} , support:  37 
 {'4000',  '294100'} , support:  37 
 {'252490',  '294100'} , support:  37 
 {'271590',  '294100'} , support:  39 
 {'294100',  '440'} , support:  39 
 {'294100',  '976730'} , support:  40 
 {'252950',  '294100'} , support:  41 
 {'230410',  '294100'} , support:  42 
 {'960090',  '294100'} , support:  44 
 {'892970',  '294100'} , support:  47 
 {'294100',  '250900'} , support:  48 
 {'1172470',  '294100'} , support:  48 
 {'289070',  '294100'} , support:  49 
 {'632360',  '294100'} , support:  52 
 {'294100',  '413150'} , support:  57 
 {'294100',  '489830'} , support:  60 
 {'294100',  '105600'} , support:  60 
 {'294100',  '431960'} , support:  64 
 {'739630',  '294100'} , support:  69 
 {'236390',  '294100'} , support:  76 
 {'294100',  '570'} , support:  83 
 {'1063730',  '294100'} , support:  90 
 {'294100',  '394360'} , support:  91 
 {'730',  '294100'} , support:  100 
 {'294100',  '548430'} , support:  111 
 {'250820',  '294100'} , support:  121 
 {'413150',  '374320'} , support:  32 
 {'236390',  '374320'} , support:  35 
 {'271590',  '374320'} , support:  44 
 {'359550',  '374320'} , support:  45 
 {'4000',  '374320'} , support:  46 
 {'892970',  '374320'} , support:  47 
 {'374320',  '440'} , support:  48 
 {'286160',  '374320'} , support:  51 
 {'960090',  '374320'} , support:  53 
 {'374320',  '238960'} , support:  56 
 {'594650',  '374320'} , support:  60 
 {'39210',  '374320'} , support:  62 
 {'230410',  '374320'} , support:  63 
 {'105600',  '374320'} , support:  67 
 {'252950',  '374320'} , support:  70 
 {'976730',  '374320'} , support:  74 
 {'374320',  '1085660'} , support:  78 
 {'374320',  '250900'} , support:  79 
 {'381210',  '374320'} , support:  83 
 {'632360',  '374320'} , support:  83 
 {'374320',  '489830'} , support:  85 
 {'1063730',  '374320'} , support:  93 
 {'374320',  '548430'} , support:  101 
 {'374320',  '570'} , support:  104 
 {'1172470',  '374320'} , support:  105 
 {'431960',  '374320'} , support:  110 
 {'739630',  '374320'} , support:  112 
 {'250820',  '374320'} , support:  117 
 {'730',  '374320'} , support:  174 
 {'632360',  '289070'} , support:  32 
 {'289070',  '238960'} , support:  32 
 {'289070',  '960090'} , support:  37 
 {'359550',  '289070'} , support:  37 
 {'892970',  '289070'} , support:  38 
 {'289070',  '1085660'} , support:  39 
 {'289070',  '250900'} , support:  40 
 {'289070',  '548430'} , support:  44 
 {'289070',  '413150'} , support:  47 
 {'381210',  '289070'} , support:  48 
 {'289070',  '394360'} , support:  53 
 {'250820',  '289070'} , support:  54 
 {'289070',  '431960'} , support:  58 
 {'289070',  '489830'} , support:  59 
 {'289070',  '252950'} , support:  62 
 {'289070',  '1172470'} , support:  66 
 {'739630',  '289070'} , support:  66 
 {'1063730',  '289070'} , support:  73 
 {'289070',  '570'} , support:  119 
 {'730',  '289070'} , support:  124 
 {'286160',  '238960'} , support:  32 
 {'271590',  '286160'} , support:  33 
 {'286160',  '413150'} , support:  37 
 {'286160',  '359550'} , support:  38 
 {'892970',  '286160'} , support:  38 
 {'286160',  '105600'} , support:  38 
 {'594650',  '286160'} , support:  39 
 {'230410',  '286160'} , support:  45 
 {'286160',  '4000'} , support:  47 
 {'39210',  '286160'} , support:  51 
 {'286160',  '394360'} , support:  53 
 {'286160',  '1085660'} , support:  55 
 {'286160',  '976730'} , support:  57 
 {'286160',  '250900'} , support:  58 
 {'286160',  '440'} , support:  58 
 {'286160',  '960090'} , support:  61 
 {'286160',  '945360'} , support:  66 
 {'286160',  '252950'} , support:  67 
 {'632360',  '286160'} , support:  78 
 {'1063730',  '286160'} , support:  80 
 {'286160',  '431960'} , support:  81 
 {'286160',  '1172470'} , support:  83 
 {'286160',  '570'} , support:  94 
 {'381210',  '286160'} , support:  100 
 {'730',  '286160'} , support:  106 
 {'286160',  '250820'} , support:  126 
 {'739630',  '286160'} , support:  149 
 {'286160',  '548430'} , support:  164 
 {'632360',  '413150'} , support:  35 
 {'413150',  '976730'} , support:  37 
 {'271590',  '413150'} , support:  38 
 {'945360',  '413150'} , support:  39 
 {'39210',  '413150'} , support:  44 
 {'413150',  '440'} , support:  47 
 {'359550',  '413150'} , support:  48 
 {'230410',  '413150'} , support:  48 
 {'892970',  '413150'} , support:  50 
 {'413150',  '1085660'} , support:  51 
 {'960090',  '413150'} , support:  61 
 {'413150',  '250900'} , support:  68 
 {'413150',  '489830'} , support:  73 
 {'1172470',  '413150'} , support:  74 
 {'413150',  '431960'} , support:  75 
 {'252950',  '413150'} , support:  75 
 {'105600',  '413150'} , support:  76 
 {'1063730',  '413150'} , support:  77 
 {'413150',  '570'} , support:  84 
 {'381210',  '413150'} , support:  87 
 {'250820',  '413150'} , support:  88 
 {'413150',  '548430'} , support:  91 
 {'739630',  '413150'} , support:  119 
 {'730',  '413150'} , support:  119 
 {'394360',  '227300'} , support:  32 
 {'960090',  '394360'} , support:  35 
 {'594650',  '394360'} , support:  36 
 {'105600',  '394360'} , support:  38 
 {'394360',  '976730'} , support:  41 
 {'381210',  '394360'} , support:  42 
 {'1172470',  '394360'} , support:  43 
 {'271590',  '394360'} , support:  48 
 {'252950',  '394360'} , support:  49 
 {'359550',  '394360'} , support:  57 
 {'4000',  '394360'} , support:  57 
 {'1063730',  '394360'} , support:  58 
 {'394360',  '489830'} , support:  62 
 {'394360',  '548430'} , support:  63 
 {'394360',  '440'} , support:  63 
 {'250820',  '394360'} , support:  86 
 {'739630',  '394360'} , support:  88 
 {'394360',  '570'} , support:  93 
 {'394360',  '431960'} , support:  103 
 {'730',  '394360'} , support:  199 
 {'730',  '236390',  '394360'} , support:  36 
 {'236390',  '394360'} , support:  215 
 {'4000',  '578080'} , support:  34 
 {'4000',  '227300'} , support:  41 
 {'4000',  '489830'} , support:  42 
 {'230410',  '4000'} , support:  46 
 {'632360',  '4000'} , support:  53 
 {'4000',  '960090'} , support:  55 
 {'4000',  '250900'} , support:  62 
 {'4000',  '1085660'} , support:  64 
 {'1063730',  '4000'} , support:  65 
 {'252490',  '4000'} , support:  69 
 {'252490',  '730',  '4000'} , support:  33 
 {'359550',  '4000'} , support:  71 
 {'4000',  '236390'} , support:  79 
 {'4000',  '252950'} , support:  82 
 {'4000',  '976730'} , support:  91 
 {'4000',  '945360'} , support:  92 
 {'4000',  '105600'} , support:  93 
 {'4000',  '548430'} , support:  97 
 {'381210',  '4000'} , support:  97 
 {'4000',  '570'} , support:  116 
 {'730',  '4000',  '570'} , support:  48 
 {'4000',  '1172470'} , support:  117 
 {'730',  '4000',  '1172470'} , support:  37 
 {'271590',  '4000'} , support:  136 
 {'271590',  '730',  '4000'} , support:  42 
 {'4000',  '431960'} , support:  143 
 {'250820',  '4000',  '431960'} , support:  37 
 {'730',  '4000',  '431960'} , support:  39 
 {'739630',  '4000'} , support:  167 
 {'739630',  '250820',  '4000'} , support:  40 
 {'250820',  '4000'} , support:  216 
 {'730',  '250820',  '4000'} , support:  34 
 {'250820',  '4000',  '440'} , support:  36 
 {'4000',  '440'} , support:  233 
 {'730',  '4000',  '440'} , support:  52 
 {'730',  '4000'} , support:  395 
 {'945360',  '578080'} , support:  33 
 {'945360',  '236390'} , support:  33 
 {'39210',  '945360'} , support:  35 
 {'892970',  '945360'} , support:  36 
 {'252490',  '945360'} , support:  44 
 {'230410',  '945360'} , support:  47 
 {'945360',  '105600'} , support:  53 
 {'632360',  '945360'} , support:  57 
 {'945360',  '976730'} , support:  60 
 {'945360',  '960090'} , support:  64 
 {'271590',  '945360'} , support:  67 
 {'945360',  '440'} , support:  67 
 {'945360',  '250900'} , support:  67 
 {'945360',  '1085660'} , support:  76 
 {'945360',  '548430'} , support:  77 
 {'359550',  '945360'} , support:  79 
 {'945360',  '570'} , support:  110 
 {'1063730',  '945360'} , support:  112 
 {'945360',  '431960'} , support:  120 
 {'945360',  '252950'} , support:  130 
 {'250820',  '945360'} , support:  142 
 {'739630',  '250820',  '945360'} , support:  36 
 {'945360',  '1172470'} , support:  153 
 {'730',  '945360',  '1172470'} , support:  37 
 {'381210',  '945360'} , support:  159 
 {'381210',  '739630',  '945360'} , support:  32 
 {'739630',  '945360'} , support:  215 
 {'730',  '945360'} , support:  302 
 {'632360',  '252490'} , support:  34 
 {'632360',  '236390'} , support:  35 
 {'632360',  '359550'} , support:  45 
 {'632360',  '489830'} , support:  50 
 {'632360',  '892970'} , support:  56 
 {'632360',  '39210'} , support:  57 
 {'632360',  '594650'} , support:  72 
 {'632360',  '976730'} , support:  74 
 {'632360',  '105600'} , support:  86 
 {'632360',  '238960'} , support:  91 
 {'632360',  '230410'} , support:  95 
 {'632360',  '440'} , support:  105 
 {'632360',  '381210'} , support:  108 
 {'632360',  '250900'} , support:  112 
 {'632360',  '1085660'} , support:  115 
 {'632360',  '252950'} , support:  117 
 {'632360',  '1063730'} , support:  122 
 {'632360',  '431960'} , support:  126 
 {'632360',  '960090'} , support:  145 
 {'632360',  '570'} , support:  160 
 {'632360',  '739630'} , support:  163 
 {'632360',  '739630',  '250820'} , support:  37 
 {'632360',  '250820'} , support:  177 
 {'632360',  '1172470'} , support:  179 
 {'632360',  '730'} , support:  223 
 {'632360',  '548430'} , support:  237 
 {'892970',  '227300'} , support:  37 
 {'892970',  '578080'} , support:  37 
 {'892970',  '238960'} , support:  38 
 {'892970',  '39210'} , support:  39 
 {'252490',  '892970'} , support:  41 
 {'594650',  '892970'} , support:  43 
 {'892970',  '440'} , support:  43 
 {'892970',  '236390'} , support:  46 
 {'892970',  '960090'} , support:  50 
 {'892970',  '359550'} , support:  55 
 {'892970',  '976730'} , support:  56 
 {'892970',  '271590'} , support:  59 
 {'892970',  '105600'} , support:  60 
 {'230410',  '892970'} , support:  62 
 {'892970',  '1085660'} , support:  70 
 {'381210',  '892970'} , support:  70 
 {'892970',  '489830'} , support:  73 
 {'892970',  '252950'} , support:  90 
 {'892970',  '431960'} , support:  114 
 {'892970',  '1172470'} , support:  115 
 {'892970',  '250820'} , support:  116 
 {'892970',  '570'} , support:  123 
 {'892970',  '730',  '570'} , support:  32 
 {'892970',  '548430'} , support:  137 
 {'892970',  '1063730'} , support:  153 
 {'892970',  '739630'} , support:  159 
 {'892970',  '730'} , support:  222 
 {'105600',  '976730'} , support:  41 
 {'594650',  '105600'} , support:  41 
 {'39210',  '105600'} , support:  41 
 {'236390',  '105600'} , support:  54 
 {'359550',  '105600'} , support:  58 
 {'252490',  '105600'} , support:  58 
 {'105600',  '238960'} , support:  60 
 {'105600',  '489830'} , support:  72 
 {'271590',  '105600'} , support:  76 
 {'230410',  '105600'} , support:  76 
 {'105600',  '1085660'} , support:  89 
 {'960090',  '105600'} , support:  92 
 {'381210',  '105600'} , support:  93 
 {'1063730',  '105600'} , support:  102 
 {'105600',  '440'} , support:  104 
 {'252950',  '105600'} , support:  106 
 {'105600',  '250900'} , support:  110 
 {'1172470',  '105600'} , support:  121 
 {'105600',  '548430'} , support:  131 
 {'250820',  '105600'} , support:  132 
 {'739630',  '105600'} , support:  140 
 {'105600',  '431960'} , support:  148 
 {'105600',  '570'} , support:  156 
 {'730',  '105600'} , support:  288 
 {'594650',  '271590'} , support:  43 
 {'594650',  '960090'} , support:  46 
 {'594650',  '440'} , support:  46 
 {'594650',  '489830'} , support:  49 
 {'594650',  '250900'} , support:  54 
 {'594650',  '578080'} , support:  55 
 {'594650',  '238960'} , support:  57 
 {'594650',  '976730'} , support:  59 
 {'594650',  '236390'} , support:  64 
 {'594650',  '230410'} , support:  65 
 {'594650',  '252490'} , support:  68 
 {'594650',  '1085660'} , support:  82 
 {'594650',  '359550'} , support:  87 
 {'594650',  '252950'} , support:  105 
 {'594650',  '431960'} , support:  120 
 {'594650',  '250820'} , support:  148 
 {'594650',  '739630',  '250820'} , support:  32 
 {'594650',  '570'} , support:  166 
 {'594650',  '730',  '570'} , support:  33 
 {'594650',  '1172470'} , support:  175 
 {'594650',  '730',  '1172470'} , support:  35 
 {'594650',  '381210'} , support:  196 
 {'594650',  '739630',  '381210'} , support:  39 
 {'594650',  '739630'} , support:  197 
 {'594650',  '548430'} , support:  212 
 {'594650',  '1063730'} , support:  226 
 {'594650',  '1063730',  '730'} , support:  37 
 {'594650',  '730'} , support:  279 
 {'39210',  '440'} , support:  34 
 {'39210',  '960090'} , support:  44 
 {'39210',  '489830'} , support:  56 
 {'39210',  '252950'} , support:  57 
 {'39210',  '250900'} , support:  63 
 {'39210',  '976730'} , support:  64 
 {'730',  '39210'} , support:  75 
 {'39210',  '238960'} , support:  79 
 {'230410',  '39210'} , support:  84 
 {'39210',  '570'} , support:  91 
 {'381210',  '39210'} , support:  106 
 {'1063730',  '39210'} , support:  118 
 {'39210',  '431960'} , support:  137 
 {'39210',  '1085660'} , support:  141 
 {'39210',  '1172470'} , support:  143 
 {'39210',  '250820'} , support:  152 
 {'739630',  '39210',  '250820'} , support:  37 
 {'39210',  '548430'} , support:  160 
 {'739630',  '39210'} , support:  174 
 {'252490',  '230410'} , support:  32 
 {'252490',  '227300'} , support:  33 
 {'252490',  '489830'} , support:  35 
 {'252490',  '236390'} , support:  38 
 {'252490',  '548430'} , support:  39 
 {'252490',  '238960'} , support:  45 
 {'252490',  '960090'} , support:  46 
 {'252490',  '440'} , support:  54 
 {'252490',  '1085660'} , support:  59 
 {'252490',  '578080'} , support:  70 
 {'252490',  '730',  '578080'} , support:  34 
 {'252490',  '359550'} , support:  84 
 {'252490',  '271590'} , support:  87 
 {'252490',  '271590',  '730'} , support:  40 
 {'252490',  '381210'} , support:  93 
 {'252490',  '250820'} , support:  99 
 {'252490',  '431960'} , support:  107 
 {'252490',  '739630'} , support:  125 
 {'252490',  '739630',  '730'} , support:  34 
 {'252490',  '252950'} , support:  143 
 {'252490',  '730',  '252950'} , support:  50 
 {'252490',  '1172470'} , support:  186 
 {'252490',  '730',  '1172470'} , support:  51 
 {'252490',  '1063730'} , support:  197 
 {'252490',  '570'} , support:  201 
 {'252490',  '730',  '570'} , support:  93 
 {'252490',  '730'} , support:  565 
 {'236390',  '238960'} , support:  32 
 {'236390',  '578080'} , support:  41 
 {'960090',  '236390'} , support:  41 
 {'381210',  '236390'} , support:  47 
 {'236390',  '489830'} , support:  47 
 {'236390',  '1085660'} , support:  55 
 {'236390',  '440'} , support:  62 
 {'230410',  '236390'} , support:  68 
 {'252950',  '236390'} , support:  70 
 {'236390',  '976730'} , support:  75 
 {'236390',  '227300'} , support:  82 
 {'359550',  '236390'} , support:  85 
 {'1172470',  '236390'} , support:  91 
 {'1063730',  '236390'} , support:  99 
 {'271590',  '236390'} , support:  104 
 {'236390',  '548430'} , support:  106 
 {'236390',  '570'} , support:  121 
 {'730',  '236390',  '570'} , support:  36 
 {'236390',  '431960'} , support:  129 
 {'739630',  '236390'} , support:  167 
 {'739630',  '250820',  '236390'} , support:  36 
 {'250820',  '236390'} , support:  171 
 {'730',  '236390'} , support:  321 
 {'976730',  '250900'} , support:  43 
 {'960090',  '976730'} , support:  47 
 {'359550',  '976730'} , support:  60 
 {'976730',  '570'} , support:  60 
 {'381210',  '976730'} , support:  73 
 {'271590',  '976730'} , support:  78 
 {'230410',  '976730'} , support:  86 
 {'1063730',  '976730'} , support:  92 
 {'252950',  '976730'} , support:  104 
 {'976730',  '440'} , support:  109 
 {'976730',  '489830'} , support:  114 
 {'431960',  '976730'} , support:  150 
 {'250820',  '431960',  '976730'} , support:  33 
 {'976730',  '1085660'} , support:  165 
 {'1172470',  '976730'} , support:  182 
 {'730',  '1172470',  '976730'} , support:  38 
 {'976730',  '548430'} , support:  187 
 {'739630',  '976730'} , support:  196 
 {'739630',  '250820',  '976730'} , support:  48 
 {'250820',  '976730'} , support:  224 
 {'730',  '976730'} , support:  235 
 {'227300',  '489830'} , support:  38 
 {'227300',  '440'} , support:  39 
 {'359550',  '227300'} , support:  40 
 {'227300',  '548430'} , support:  42 
 {'1172470',  '227300'} , support:  52 
 {'381210',  '227300'} , support:  52 
 {'578080',  '227300'} , support:  55 
 {'739630',  '227300'} , support:  78 
 {'252950',  '227300'} , support:  80 
 {'431960',  '227300'} , support:  81 
 {'250820',  '227300'} , support:  81 
 {'1063730',  '227300'} , support:  92 
 {'227300',  '570'} , support:  105 
 {'730',  '227300',  '570'} , support:  45 
 {'271590',  '227300'} , support:  168 
 {'271590',  '730',  '227300'} , support:  43 
 {'730',  '227300'} , support:  345 
 {'960090',  '489830'} , support:  61 
 {'359550',  '960090'} , support:  62 
 {'271590',  '960090'} , support:  74 
 {'960090',  '250900'} , support:  89 
 {'960090',  '238960'} , support:  90 
 {'230410',  '960090'} , support:  96 
 {'960090',  '1085660'} , support:  101 
 {'960090',  '440'} , support:  118 
 {'252950',  '960090'} , support:  120 
 {'381210',  '960090'} , support:  130 
 {'960090',  '570'} , support:  150 
 {'730',  '960090',  '570'} , support:  42 
 {'250820',  '960090'} , support:  160 
 {'1063730',  '960090'} , support:  163 
 {'960090',  '431960'} , support:  174 
 {'739630',  '960090'} , support:  179 
 {'739630',  '730',  '960090'} , support:  35 
 {'960090',  '548430'} , support:  180 
 {'1172470',  '960090'} , support:  189 
 {'730',  '1172470',  '960090'} , support:  42 
 {'730',  '960090'} , support:  357 
 {'578080',  '238960'} , support:  33 
 {'578080',  '1085660'} , support:  41 
 {'250820',  '578080'} , support:  55 
 {'381210',  '578080'} , support:  79 
 {'739630',  '578080'} , support:  93 
 {'739630',  '730',  '578080'} , support:  34 
 {'359550',  '578080'} , support:  101 
 {'730',  '359550',  '578080'} , support:  35 
 {'578080',  '431960'} , support:  117 
 {'730',  '578080',  '431960'} , support:  35 
 {'1063730',  '578080'} , support:  129 
 {'1063730',  '730',  '578080'} , support:  35 
 {'271590',  '578080'} , support:  136 
 {'271590',  '730',  '578080'} , support:  59 
 {'1172470',  '578080'} , support:  137 
 {'730',  '1172470',  '578080'} , support:  37 
 {'252950',  '578080'} , support:  162 
 {'730',  '252950',  '578080'} , support:  55 
 {'578080',  '570'} , support:  298 
 {'730',  '578080',  '570'} , support:  124 
 {'730',  '578080'} , support:  702 
 {'271590',  '250900'} , support:  50 
 {'359550',  '250900'} , support:  56 
 {'250900',  '489830'} , support:  61 
 {'230410',  '250900'} , support:  67 
 {'250900',  '1085660'} , support:  70 
 {'250900',  '238960'} , support:  70 
 {'252950',  '250900'} , support:  109 
 {'1063730',  '250900'} , support:  111 
 {'250900',  '440'} , support:  125 
 {'381210',  '250900'} , support:  127 
 {'431960',  '250900'} , support:  132 
 {'250900',  '548430'} , support:  137 
 {'739630',  '250900'} , support:  145 
 {'1172470',  '250900'} , support:  151 
 {'250820',  '250900'} , support:  162 
 {'250900',  '570'} , support:  164 
 {'730',  '250900'} , support:  261 
 {'359550',  '489830'} , support:  48 
 {'489830',  '238960'} , support:  63 
 {'489830',  '440'} , support:  66 
 {'230410',  '489830'} , support:  69 
 {'381210',  '489830'} , support:  73 
 {'252950',  '489830'} , support:  75 
 {'271590',  '489830'} , support:  98 
 {'1172470',  '489830'} , support:  103 
 {'489830',  '1085660'} , support:  117 
 {'489830',  '570'} , support:  117 
 {'489830',  '548430'} , support:  122 
 {'1063730',  '489830'} , support:  125 
 {'739630',  '489830'} , support:  165 
 {'739630',  '250820',  '489830'} , support:  40 
 {'250820',  '489830'} , support:  173 
 {'431960',  '489830'} , support:  174 
 {'730',  '489830'} , support:  200 
 {'359550',  '238960'} , support:  54 
 {'230410',  '359550'} , support:  76 
 {'359550',  '440'} , support:  76 
 {'359550',  '1085660'} , support:  90 
 {'359550',  '548430'} , support:  128 
 {'250820',  '359550'} , support:  139 
 {'739630',  '250820',  '359550'} , support:  34 
 {'271590',  '359550'} , support:  150 
 {'271590',  '730',  '359550'} , support:  47 
 {'359550',  '252950'} , support:  160 
 {'730',  '359550',  '252950'} , support:  45 
 {'381210',  '359550'} , support:  171 
 {'381210',  '730',  '359550'} , support:  34 
 {'381210',  '359550',  '1172470'} , support:  34 
 {'1063730',  '359550'} , support:  171 
 {'1063730',  '730',  '359550'} , support:  36 
 {'359550',  '431960'} , support:  204 
 {'359550',  '1172470',  '431960'} , support:  37 
 {'730',  '359550',  '431960'} , support:  56 
 {'359550',  '570'} , support:  210 
 {'359550',  '1172470',  '570'} , support:  36 
 {'730',  '359550',  '570'} , support:  65 
 {'739630',  '359550'} , support:  222 
 {'739630',  '359550',  '1172470'} , support:  40 
 {'739630',  '730',  '359550'} , support:  48 
 {'359550',  '1172470'} , support:  315 
 {'730',  '359550',  '1172470'} , support:  80 
 {'730',  '359550'} , support:  510 
 {'230410',  '271590'} , support:  72 
 {'230410',  '252950'} , support:  77 
 {'230410',  '440'} , support:  90 
 {'230410',  '238960'} , support:  123 
 {'230410',  '381210'} , support:  136 
 {'230410',  '739630'} , support:  149 
 {'230410',  '1063730'} , support:  164 
 {'230410',  '250820'} , support:  167 
 {'230410',  '570'} , support:  186 
 {'230410',  '1172470'} , support:  202 
 {'230410',  '1172470',  '1085660'} , support:  34 
 {'230410',  '730',  '1172470'} , support:  37 
 {'230410',  '431960'} , support:  203 
 {'230410',  '730'} , support:  210 
 {'230410',  '1085660'} , support:  225 
 {'230410',  '548430'} , support:  243 
 {'238960',  '440'} , support:  32 
 {'1063730',  '440'} , support:  54 
 {'1085660',  '440'} , support:  79 
 {'252950',  '440'} , support:  91 
 {'271590',  '440'} , support:  93 
 {'381210',  '440'} , support:  116 
 {'431960',  '440'} , support:  146 
 {'250820',  '431960',  '440'} , support:  32 
 {'739630',  '440'} , support:  148 
 {'739630',  '250820',  '440'} , support:  44 
 {'1172470',  '440'} , support:  186 
 {'250820',  '1172470',  '440'} , support:  32 
 {'730',  '1172470',  '440'} , support:  48 
 {'548430',  '440'} , support:  215 
 {'250820',  '548430',  '440'} , support:  33 
 {'250820',  '440'} , support:  218 
 {'730',  '250820',  '440'} , support:  33 
 {'570',  '440'} , support:  242 
 {'730',  '570',  '440'} , support:  117 
 {'730',  '440'} , support:  497 
 {'271590',  '238960'} , support:  32 
 {'381210',  '238960'} , support:  72 
 {'238960',  '1085660'} , support:  92 
 {'250820',  '238960'} , support:  109 
 {'431960',  '238960'} , support:  129 
 {'252950',  '238960'} , support:  131 
 {'238960',  '548430'} , support:  132 
 {'739630',  '238960'} , support:  151 
 {'1172470',  '238960'} , support:  177 
 {'1063730',  '238960'} , support:  229 
 {'730',  '238960'} , support:  270 
 {'730',  '238960',  '570'} , support:  62 
 {'238960',  '570'} , support:  336 
 {'271590',  '548430'} , support:  75 
 {'271590',  '1085660'} , support:  99 
 {'381210',  '271590'} , support:  120 
 {'271590',  '1172470'} , support:  166 
 {'271590',  '730',  '1172470'} , support:  52 
 {'271590',  '1063730'} , support:  171 
 {'271590',  '250820'} , support:  186 
 {'271590',  '250820',  '739630'} , support:  35 
 {'271590',  '739630'} , support:  216 
 {'271590',  '730',  '739630'} , support:  38 
 {'271590',  '431960'} , support:  217 
 {'271590',  '730',  '431960'} , support:  59 
 {'271590',  '252950'} , support:  232 
 {'271590',  '730',  '252950'} , support:  60 
 {'271590',  '570'} , support:  278 
 {'271590',  '730',  '570'} , support:  113 
 {'271590',  '730'} , support:  775 
 {'381210',  '1085660'} , support:  119 
 {'252950',  '1085660'} , support:  132 
 {'1085660',  '570'} , support:  141 
 {'250820',  '1085660'} , support:  229 
 {'250820',  '1085660',  '548430'} , support:  34 
 {'739630',  '250820',  '1085660'} , support:  47 
 {'739630',  '1085660'} , support:  230 
 {'431960',  '1085660'} , support:  239 
 {'730',  '1085660'} , support:  246 
 {'730',  '1172470',  '1085660'} , support:  53 
 {'1085660',  '548430'} , support:  282 
 {'1172470',  '1085660',  '548430'} , support:  36 
 {'1063730',  '1085660'} , support:  336 
 {'1172470',  '1085660'} , support:  348 
 {'381210',  '252950'} , support:  199 
 {'381210',  '730',  '252950'} , support:  47 
 {'381210',  '548430'} , support:  232 
 {'381210',  '1172470',  '548430'} , support:  32 
 {'381210',  '739630',  '548430'} , support:  58 
 {'381210',  '570'} , support:  257 
 {'381210',  '1172470',  '570'} , support:  35 
 {'381210',  '739630',  '570'} , support:  36 
 {'381210',  '730',  '570'} , support:  61 
 {'381210',  '1063730'} , support:  269 
 {'381210',  '1063730',  '739630'} , support:  55 
 {'381210',  '431960'} , support:  276 
 {'381210',  '250820',  '431960'} , support:  33 
 {'381210',  '730',  '431960'} , support:  37 
 {'381210',  '1172470',  '431960'} , support:  42 
 {'381210',  '739630',  '431960'} , support:  43 
 {'381210',  '250820'} , support:  281 
 {'381210',  '250820',  '1172470'} , support:  38 
 {'381210',  '739630',  '250820'} , support:  78 
 {'381210',  '1172470'} , support:  354 
 {'381210',  '730',  '1172470'} , support:  53 
 {'381210',  '739630',  '1172470'} , support:  63 
 {'381210',  '730'} , support:  481 
 {'381210',  '739630',  '730'} , support:  79 
 {'381210',  '739630'} , support:  600 
 {'252950',  '548430'} , support:  190 
 {'730',  '252950',  '548430'} , support:  32 
 {'570',  '548430'} , support:  226 
 {'431960',  '548430'} , support:  237 
 {'739630',  '431960',  '548430'} , support:  32 
 {'1172470',  '431960',  '548430'} , support:  35 
 {'250820',  '431960',  '548430'} , support:  39 
 {'730',  '548430'} , support:  257 
 {'730',  '1172470',  '548430'} , support:  32 
 {'739630',  '730',  '548430'} , support:  38 
 {'1063730',  '548430'} , support:  274 
 {'1063730',  '739630',  '548430'} , support:  32 
 {'1172470',  '548430'} , support:  315 
 {'250820',  '1172470',  '548430'} , support:  34 
 {'739630',  '1172470',  '548430'} , support:  39 
 {'250820',  '548430'} , support:  352 
 {'739630',  '250820',  '548430'} , support:  79 
 {'739630',  '548430'} , support:  413 
 {'250820',  '252950'} , support:  274 
 {'730',  '250820',  '252950'} , support:  46 
 {'739630',  '250820',  '252950'} , support:  59 
 {'252950',  '570'} , support:  275 
 {'730',  '252950',  '570'} , support:  93 
 {'252950',  '431960'} , support:  282 
 {'739630',  '252950',  '431960'} , support:  33 
 {'252950',  '1172470',  '431960'} , support:  37 
 {'730',  '252950',  '431960'} , support:  72 
 {'739630',  '252950'} , support:  364 
 {'739630',  '252950',  '1172470'} , support:  37 
 {'739630',  '252950',  '1063730'} , support:  48 
 {'739630',  '730',  '252950'} , support:  74 
 {'252950',  '1172470'} , support:  415 
 {'1063730',  '252950',  '1172470'} , support:  40 
 {'730',  '252950',  '1172470'} , support:  105 
 {'1063730',  '252950'} , support:  471 
 {'1063730',  '730',  '252950'} , support:  80 
 {'730',  '252950'} , support:  1068 
 {'250820',  '570'} , support:  204 
 {'739630',  '250820',  '570'} , support:  34 
 {'730',  '250820',  '570'} , support:  37 
 {'1063730',  '250820'} , support:  371 
 {'1063730',  '250820',  '1172470'} , support:  32 
 {'1063730',  '250820',  '431960'} , support:  32 
 {'1063730',  '250820',  '739630'} , support:  80 
 {'250820',  '1172470'} , support:  388 
 {'730',  '250820',  '1172470'} , support:  53 
 {'739630',  '250820',  '1172470'} , support:  68 
 {'250820',  '1172470',  '431960'} , support:  69 
 {'730',  '250820'} , support:  480 
 {'730',  '250820',  '431960'} , support:  60 
 {'730',  '250820',  '739630'} , support:  83 
 {'250820',  '431960'} , support:  485 
 {'739630',  '250820',  '431960'} , support:  90 
 {'739630',  '250820'} , support:  823 
 {'739630',  '570'} , support:  316 
 {'739630',  '730',  '570'} , support:  76 
 {'739630',  '431960'} , support:  399 
 {'739630',  '431960',  '1063730'} , support:  41 
 {'739630',  '1172470',  '431960'} , support:  53 
 {'739630',  '730',  '431960'} , support:  58 
 {'739630',  '1172470'} , support:  464 
 {'739630',  '1172470',  '1063730'} , support:  46 
 {'739630',  '730',  '1172470'} , support:  75 
 {'739630',  '1063730'} , support:  497 
 {'739630',  '730',  '1063730'} , support:  53 
 {'739630',  '730'} , support:  732 
 {'1063730',  '431960'} , support:  400 
 {'1063730',  '1172470',  '431960'} , support:  54 
 {'1063730',  '730',  '431960'} , support:  59 
 {'431960',  '570'} , support:  431 
 {'1172470',  '431960',  '570'} , support:  54 
 {'730',  '431960',  '570'} , support:  87 
 {'1172470',  '431960'} , support:  536 
 {'730',  '1172470',  '431960'} , support:  104 
 {'730',  '431960'} , support:  804 
 {'1063730',  '1172470'} , support:  489 
 {'1063730',  '1172470',  '570'} , support:  45 
 {'1063730',  '730',  '1172470'} , support:  70 
 {'1172470',  '570'} , support:  597 
 {'730',  '1172470',  '570'} , support:  171 
 {'730',  '1172470'} , support:  1095 
 {'1063730',  '570'} , support:  382 
 {'1063730',  '730',  '570'} , support:  81 
 {'1063730',  '730'} , support:  855 
 {'730',  '570'} , support:  2471 
